Iteration	Posterior	Likelihood	Prior	rate_log_sd	rate_loss	root_freqs[1]	root_freqs[2]	tree_length
0	-402.6926	-726.8556	324.1629	1.589257	1.123994	0.658837	0.341163	1.811131
6	-412.9223	-737.0668	324.1446	1.859525	1.291329	0.847002	0.152998	1.527364
12	-398.8069	-722.3781	323.5712	1.587883	2.572572	0.886019	0.113981	1.566035
18	-402.2052	-725.9192	323.7139	1.846782	2.866612	0.952368	0.0476323	1.137921
24	-411.1782	-734.8053	323.6271	1.633606	3.711448	0.580952	0.419048	1.106711
30	-406.6358	-729.9803	323.3445	2.129407	3.153061	0.864243	0.135757	1.106711
36	-406.7263	-729.9437	323.2174	1.791859	4.604698	0.815954	0.184046	1.069028
42	-418.6935	-743.1778	324.4843	2.216631	1.230543	0.769055	0.230945	0.9852268
48	-405.9081	-729.24	323.3319	2.280805	3.444301	0.784307	0.215693	0.8451416
54	-394.2371	-716.9044	322.6672	1.791819	4.668245	0.965533	0.034467	1.505999
60	-398.4969	-722.3219	323.8249	1.387594	3.184682	0.927322	0.0726779	1.318499
66	-396.7812	-720.8006	324.0195	1.688176	1.804319	0.762305	0.237695	1.472275
72	-399.791	-725.1138	325.3228	1.91952	0.8070759	0.781977	0.218023	0.8535038
78	-401.2676	-726.432	325.1645	1.959481	0.7871566	0.842735	0.157265	1.007304
84	-413.4134	-736.313	322.8996	2.108645	5.542329	0.880145	0.119855	0.7847227
90	-417.1537	-742.6027	325.449	2.057943	0.6882503	0.544809	0.455191	0.685055
96	-406.6157	-731.7391	325.1234	1.961047	1.079059	0.768991	0.231009	0.6647249
102	-417.6559	-740.306	322.6501	1.172193	1.520608	0.948623	0.0513774	2.839745
108	-409.2499	-731.699	322.4491	1.373168	1.520608	0.868479	0.131521	2.839745
114	-409.6891	-731.0065	321.3174	1.406273	4.398893	0.811742	0.188258	2.708021
120	-406.6778	-729.1834	322.5057	1.504225	1.559962	0.929972	0.0700279	2.708021
126	-419.3234	-742.2454	322.9221	1.403371	1.162991	0.826234	0.173766	2.708021
132	-392.7183	-717.6023	324.884	2.120206	1.067849	0.83036	0.16964	0.8073815
138	-385.647	-710.7127	325.0657	2.203158	0.8521864	0.925991	0.0740089	0.7490357
144	-392.3887	-717.4543	325.0657	2.203158	0.8521864	0.854969	0.145031	0.7490357
150	-391.3485	-716.4613	325.1128	2.203158	0.8521864	0.888938	0.111062	0.6689362
156	-393.2317	-718.187	324.9553	2.272193	0.9438622	0.879641	0.120359	0.6460912
162	-393.6248	-718.5294	324.9047	2.492677	0.8017662	0.56448	0.43552	0.3993815
168	-401.1665	-725.9925	324.8261	2.376101	0.9734872	0.788145	0.211855	0.6339758
174	-392.8368	-718.4008	325.564	2.33723	0.446089	0.758888	0.241112	0.6339758
180	-396.4853	-721.4034	324.9181	2.105713	1.019781	0.652425	0.347575	0.8416275
186	-396.8221	-722.3861	325.5641	1.865658	0.3683578	0.80597	0.19403	1.304686
192	-405.7186	-730.2707	324.5521	1.513844	0.831505	0.890015	0.109985	1.80087
198	-401.0334	-724.4273	323.3939	1.220629	1.017091	0.737066	0.262934	2.614318
204	-406.6162	-730.466	323.8498	1.346679	1.242636	0.784611	0.215389	2.114036
210	-399.3579	-724.0359	324.678	1.962592	1.019527	0.911218	0.0887822	1.218297
216	-401.0463	-726.0333	324.987	1.962592	1.019527	0.636884	0.363116	0.9273307
222	-393.9074	-718.2523	324.3449	2.054872	1.636313	0.851006	0.148994	0.9763316
228	-391.4511	-715.3871	323.936	2.107185	2.489059	0.813881	0.186119	0.8220644
234	-396.5247	-720.689	324.1642	1.676493	1.685547	0.822478	0.177522	1.429924
240	-402.7823	-727.7545	324.9722	1.918487	0.8307975	0.687661	0.312339	1.175652
246	-397.4527	-722.9454	325.4927	1.936747	0.4162535	0.855081	0.144919	1.227557
252	-394.9873	-719.8361	324.8489	1.947866	0.9810484	0.711941	0.288059	1.115297
258	-390.1413	-715.4375	325.2962	1.42624	0.5224805	0.692763	0.307237	1.631233
264	-408.3426	-733.5876	325.2449	1.758418	0.4162722	0.761232	0.238768	1.56062
270	-396.4512	-721.4131	324.9619	1.665585	0.8743262	0.752584	0.247416	1.352959
276	-392.607	-718.6201	326.0131	1.808892	0.259727	0.754163	0.245837	1.18311
282	-391.5514	-716.3582	324.8067	1.832677	0.6557487	0.95375	0.0462502	1.548284
288	-416.595	-741.8734	325.2784	1.767023	0.4029041	0.685464	0.314536	1.548284
294	-396.9962	-722.6961	325.6999	1.617293	0.4433827	0.817652	0.182348	1.2795
300	-384.6426	-711.0013	326.3587	1.564078	0.2069294	0.760202	0.239798	1.220283
306	-396.6968	-723.3326	326.6359	1.778878	0.1644286	0.741713	0.258287	0.8735091
312	-409.5826	-733.9943	324.4117	1.513163	1.179561	0.911846	0.0881539	1.654632
318	-387.301	-712.6997	325.3986	1.894819	0.6965566	0.807189	0.192811	0.9496112
324	-394.5291	-717.6375	323.1084	1.623831	3.781628	0.923709	0.0762906	1.515748
330	-394.1785	-717.7226	323.5441	1.475205	3.034794	0.841764	0.158236	1.515748
336	-401.5107	-725.9546	324.4438	1.55145	1.32118	0.950479	0.0495205	1.515748
342	-404.3453	-728.9601	324.6148	1.715993	0.5937353	0.897446	0.102554	1.829991
348	-385.0096	-708.1625	323.1529	1.521839	2.014302	0.835575	0.164425	2.103093
354	-403.9533	-728.1952	324.242	1.479972	2.014302	0.931895	0.0681054	1.362423
360	-412.4379	-736.8601	324.4222	1.633808	1.035131	0.869965	0.130035	1.656622
366	-405.8893	-731.257	325.3677	1.746685	0.6658581	0.914249	0.0857515	1.159238
372	-399.625	-721.9416	322.3166	1.760778	7.983643	0.904284	0.0957162	1.188978
378	-399.2882	-723.3292	324.041	1.467303	2.619812	0.826715	0.173285	1.278852
384	-394.4783	-716.919	322.4407	1.683251	6.196355	0.900073	0.0999269	1.455265
390	-395.3414	-719.8076	324.4663	1.585115	1.206197	0.850943	0.149057	1.545644
396	-392.8858	-716.2978	323.412	1.814473	3.855838	0.797081	0.202919	1.091438
402	-399.2648	-723.0878	323.823	1.958328	3.054307	0.565821	0.434179	0.828816
408	-399.1269	-722.5267	323.3998	1.839957	3.054307	0.88137	0.11863	1.339685
414	-406.1129	-729.7436	323.6307	1.379084	2.468782	0.921404	0.0785958	1.710007
420	-402.984	-724.5755	321.5915	1.552384	2.108961	0.910033	0.0899665	3.022801
426	-412.3854	-736.0091	323.6237	1.603925	1.836317	0.842356	0.157644	1.803724
432	-416.3445	-741.1223	324.7778	1.938928	1.23732	0.761681	0.238319	0.9631129
438	-410.8964	-735.565	324.6686	1.633216	0.9225303	0.815195	0.184805	1.561312
444	-416.5898	-741.4338	324.844	1.704803	0.9327738	0.942177	0.0578228	1.365315
450	-428.8878	-752.796	323.9082	1.657882	2.937714	0.683348	0.316652	1.105069
456	-412.0617	-734.3686	322.3068	1.44901	4.533026	0.94457	0.0554301	2.026268
462	-403.7545	-728.2741	324.5196	1.848515	1.705958	0.819515	0.180485	0.9604232
468	-410.4424	-735.5824	325.14	1.790124	1.035236	0.83265	0.16735	0.9317804
474	-409.1719	-732.7386	323.5667	1.99942	3.469828	0.863364	0.136636	0.8887673
480	-401.21	-725.7724	324.5624	1.804485	1.192877	0.829176	0.170824	1.311614
486	-406.1817	-730.1364	323.9547	1.791241	2.083132	0.835791	0.164209	1.311614
492	-400.3846	-724.2927	323.9081	1.734406	1.515533	0.917171	0.0828291	1.664299
498	-395.4152	-719.2726	323.8574	1.389101	1.121938	0.880892	0.119108	2.150916
504	-401.731	-726.7002	324.9693	1.532853	0.7856779	0.852578	0.147422	1.527154
510	-400.9329	-725.3087	324.3758	1.30366	0.7884651	0.739797	0.260203	2.094843
516	-395.8144	-721.1378	325.3233	1.742595	0.5598956	0.7489	0.2511	1.327041
522	-393.9705	-719.5229	325.5524	1.745811	0.5866786	0.78027	0.21973	1.094425
528	-405.2582	-729.5039	324.2457	1.83652	1.756877	0.986799	0.0132014	1.196529
534	-387.0251	-711.0545	324.0294	2.074618	1.845001	0.746034	0.253966	1.128163
540	-394.7199	-719.9836	325.2637	2.088682	0.5838331	0.871206	0.128794	1.047524
546	-405.7969	-730.9198	325.1229	2.142323	0.4054243	0.779498	0.220502	1.377562
552	-404.0127	-727.3507	323.338	2.053402	2.606937	0.854477	0.145523	1.377562
558	-392.5027	-717.0375	324.5348	2.19574	1.157517	0.844731	0.155269	1.019389
564	-397.592	-721.9818	324.3897	1.901325	1.652708	0.908366	0.0916339	1.071624
570	-375.1895	-699.7281	324.5386	1.865849	1.492626	0.878559	0.121441	1.071624
576	-394.2934	-716.511	322.2176	1.961455	8.761243	0.652573	0.347427	0.9601113
582	-388.3048	-711.5388	323.2341	1.772796	4.961742	0.920301	0.0796989	0.9692845
588	-383.65	-706.9102	323.2602	1.547054	2.751635	0.81582	0.18418	1.757821
594	-387.0489	-711.1939	324.145	1.530393	1.610572	0.945689	0.0543109	1.591781
600	-382.3411	-707.2425	324.9014	1.836524	0.945065	0.930275	0.0697249	1.199683
606	-377.7308	-702.2663	324.5355	2.092726	0.9036878	0.866583	0.133417	1.326798
612	-397.9882	-721.5841	323.596	2.175518	2.793131	0.922676	0.0773241	0.9680592
618	-388.8154	-713.7048	324.8894	2.192211	1.020236	0.928962	0.0710376	0.764347
624	-397.5969	-722.0944	324.4976	2.081806	1.702723	0.681973	0.318027	0.691891
630	-396.5228	-722.1044	325.5816	1.991413	0.5534259	0.73401	0.26599	0.8636994
636	-397.7896	-721.6255	323.8359	1.555279	2.64119	0.719005	0.280995	1.364954
642	-400.6016	-726.1425	325.5409	2.109137	0.4887162	0.818411	0.181589	0.8950375
648	-395.713	-720.0591	324.3461	2.236546	1.787553	0.809183	0.190817	0.5124911
654	-393.8972	-718.2944	324.3972	1.823844	2.068692	0.801186	0.198814	0.8767674
660	-422.3528	-745.6749	323.3221	2.080454	4.183454	0.772945	0.227055	0.7812354
666	-424.6563	-749.9989	325.3426	1.721046	0.7670791	0.926498	0.0735025	1.088177
672	-399.1667	-724.3768	325.2101	2.396711	0.5550669	0.846086	0.153914	0.8190023
678	-402.4023	-727.4989	325.0966	2.338168	0.788201	0.637139	0.362861	0.4680219
684	-420.3281	-745.4207	325.0926	2.303364	0.788201	0.914654	0.0853462	0.6569924
690	-393.4458	-718.674	325.2282	2.2026	0.788201	0.933315	0.0666855	0.5570411
696	-397.0606	-722.4724	325.4118	1.773977	0.7478522	0.876326	0.123674	0.9932831
702	-395.9085	-720.0414	324.1329	2.02876	1.984658	0.960452	0.0395482	0.9932831
708	-393.3991	-717.434	324.0349	1.51683	2.304494	0.918488	0.0815117	1.370131
714	-405.2698	-728.8529	323.5832	1.92011	3.021715	0.925925	0.0740754	1.129443
720	-407.7043	-731.8573	324.153	2.175079	1.916117	0.951405	0.0485954	0.8565045
726	-410.2286	-734.0256	323.797	2.068294	3.036359	0.939219	0.0607805	0.7207405
732	-409.923	-733.3682	323.4452	2.267615	3.301283	0.709881	0.290119	0.7871674
738	-405.8482	-728.4234	322.5752	2.004461	7.549423	0.917328	0.0826715	0.7492588
744	-407.951	-730.9879	323.0369	2.215428	5.016928	0.891348	0.108652	0.5937671
750	-415.7136	-737.5059	321.7923	2.243801	11.25826	0.951647	0.0483529	0.5948452
756	-424.2143	-746.4268	322.2125	2.13227	9.271068	0.925046	0.0749544	0.5897526
762	-425.6619	-748.8586	323.1966	2.234794	4.239215	0.789158	0.210842	0.7100645
768	-432.8219	-756.2503	323.4284	2.030217	3.674331	0.834624	0.165376	0.9243779
774	-414.0187	-738.2407	324.222	2.045162	1.973661	0.913522	0.0864776	0.8874547
780	-385.9744	-711.4608	325.4863	2.045162	0.5672976	0.888863	0.111137	0.8874547
786	-392.0839	-716.668	324.5841	2.022406	1.473937	0.841841	0.158159	0.8777386
792	-386.2269	-711.0236	324.7967	1.915658	1.336876	0.82655	0.17345	0.8777386
798	-390.5856	-713.8634	323.2778	1.937663	2.477887	0.957919	0.0420815	1.558563
804	-388.2314	-713.2135	324.9821	1.523734	0.7477935	0.82836	0.17164	1.558563
810	-398.5491	-721.7027	323.1536	1.718524	4.353896	0.857706	0.142294	1.257133
816	-393.3528	-717.66	324.3072	1.592368	1.216502	0.877779	0.122221	1.649672
822	-399.9107	-724.1345	324.2238	1.565154	1.350087	0.838919	0.161081	1.649672
828	-382.4437	-706.8757	324.432	2.092527	1.371129	0.776235	0.223765	1.0455
834	-403.8475	-728.715	324.8675	1.75744	0.7239233	0.776989	0.223011	1.492242
840	-402.19	-727.353	325.163	1.856752	0.8364537	0.823434	0.176566	1.052627
846	-406.1358	-731.6136	325.4777	1.704886	0.6148083	0.960903	0.0390973	1.161553
852	-399.6875	-724.0539	324.3664	1.742982	1.830235	0.910215	0.0897849	1.131618
858	-395.1574	-720.2179	325.0605	1.777504	0.6780016	0.571069	0.428931	1.374422
864	-391.9948	-717.1383	325.1436	1.862427	0.7176025	0.804913	0.195087	1.194402
870	-393.1486	-717.5869	324.4383	2.074173	1.798954	0.831134	0.168866	0.6994349
876	-408.924	-734.1388	325.2148	1.705771	0.9363372	0.807259	0.192741	1.042872
882	-404.2162	-729.4389	325.2227	1.66868	0.8126076	0.874253	0.125747	1.193305
888	-403.8686	-729.8038	325.9353	1.703857	0.3916824	0.805359	0.194641	1.084123
894	-393.119	-718.4005	325.2815	1.771514	0.6496994	0.825911	0.174089	1.230892
900	-396.5345	-720.6335	324.099	1.768899	2.041126	0.65681	0.34319	1.230892
906	-390.6803	-714.7704	324.0902	1.768899	1.224966	0.87938	0.12062	1.673435
912	-387.2581	-712.3233	325.0653	1.428526	0.9512984	0.877564	0.122436	1.393313
918	-387.2654	-712.4022	325.1368	1.446565	0.6825196	0.532308	0.467692	1.563061
924	-398.7165	-724.1315	325.415	1.626794	0.5117492	0.852869	0.147131	1.405939
930	-393.385	-717.1708	323.7857	1.724384	2.296554	0.895439	0.104561	1.405939
936	-390.3744	-714.683	324.3086	1.790362	1.37227	0.973082	0.0269182	1.405939
942	-386.5724	-710.9312	324.3588	1.764351	2.015557	0.824631	0.175369	1.013579
948	-398.6078	-722.4372	323.8294	1.724737	1.972984	0.959593	0.0404074	1.50987
954	-400.6885	-723.4261	322.7376	1.498115	2.485933	0.871851	0.128149	2.224241
960	-406.5301	-730.1656	323.6354	1.872322	1.464455	0.921982	0.0780178	1.785759
966	-396.7817	-721.1741	324.3923	1.892608	1.456578	0.922574	0.0774261	1.202324
972	-394.5968	-719.1271	324.5303	1.660141	1.586659	0.858319	0.141681	1.202324
978	-382.0329	-707.0978	325.065	1.670608	0.9486971	0.932226	0.0677745	1.198444
984	-386.5948	-711.4185	324.8237	2.157544	0.8636004	0.862294	0.137706	1.060081
990	-402.6052	-726.6295	324.0242	2.157544	2.378806	0.776953	0.223047	0.7003367
996	-391.4501	-715.9002	324.4501	1.957114	1.552498	0.80878	0.19122	1.02748
1002	-402.4325	-727.7717	325.3392	1.808148	0.8128766	0.893968	0.106032	0.952415
1008	-409.2388	-733.0049	323.7661	1.944554	2.67983	0.907538	0.0924622	1.078351
1014	-405.6532	-729.9551	324.3019	2.015884	1.51041	0.553535	0.446465	1.138857
1020	-404.1533	-728.8524	324.6991	1.757412	1.103405	0.850767	0.149233	1.304375
1026	-412.2854	-737.8234	325.538	1.704873	0.2405087	0.932624	0.0673761	1.670132
1032	-414.8548	-738.5187	323.664	1.662372	2.041596	0.983406	0.0165935	1.647222
1038	-419.7328	-743.8021	324.0693	1.725976	1.693238	0.760335	0.239665	1.46072
1044	-405.877	-730.2408	324.3638	1.927341	1.712512	0.939258	0.060742	1.033284
1050	-398.5984	-722.4019	323.8035	1.337955	1.358638	0.870224	0.129776	2.087779
1056	-389.7563	-713.3552	323.599	1.594273	1.358638	0.795453	0.204547	2.053625
1062	-390.3457	-714.3137	323.9681	1.29518	1.122432	0.670908	0.329092	2.139675
1068	-395.1051	-718.9454	323.8403	1.354066	0.9272365	0.64058	0.35942	2.307982
1074	-392.8529	-716.2712	323.4183	1.141895	1.377577	0.655369	0.344631	2.451174
1080	-395.4815	-719.4033	323.9217	1.452234	1.047844	0.903835	0.0961653	2.113149
1086	-388.8717	-714.0367	325.165	1.692647	0.8568659	0.836962	0.163038	1.178705
1092	-384.3497	-708.1482	323.7985	1.626741	3.074602	0.983745	0.0162554	1.178705
1098	-392.9172	-717.4703	324.5531	1.64975	1.727214	0.882695	0.117305	1.107061
1104	-411.283	-734.8618	323.5787	1.840269	2.702132	0.948264	0.0517357	1.320143
1110	-415.0345	-738.4604	323.4259	2.380423	2.660147	0.959685	0.040315	0.9946847
1116	-410.8924	-734.7527	323.8603	1.860107	1.935989	0.931533	0.0684666	1.400018
1122	-391.2504	-714.9533	323.7029	1.94634	1.988668	0.733052	0.266948	1.430732
1128	-388.8816	-714.0616	325.1801	1.55871	0.6367413	0.802328	0.197672	1.493769
1134	-396.8329	-718.9468	322.114	2.331831	8.132623	0.849323	0.150677	0.7798471
1140	-391.0011	-716.1286	325.1275	1.975377	0.7579401	0.821765	0.178235	1.061969
1146	-396.1097	-721.4782	325.3685	1.738839	0.7579401	0.669484	0.330516	1.057743
1152	-394.0444	-717.9074	323.8629	1.558151	1.65357	0.87803	0.12197	1.752177
1158	-389.9911	-713.8718	323.8807	1.54037	1.65357	0.906391	0.0936089	1.752177
1164	-409.1006	-731.7776	322.677	1.222468	3.465085	0.910208	0.0897924	2.169078
1170	-408.148	-732.6153	324.4673	1.391904	1.256952	0.804789	0.195211	1.653934
1176	-398.2232	-720.5811	322.358	1.591041	7.684782	0.814377	0.185623	1.342958
1182	-392.9457	-717.3175	324.3719	1.900473	2.153998	0.881284	0.118716	0.7472027
1188	-392.4727	-716.6668	324.1941	1.900473	1.937329	0.793979	0.206021	1.085095
1194	-387.9866	-712.912	324.9254	1.757167	0.930587	0.949094	0.0509062	1.259161
1200	-383.739	-707.2608	323.5218	2.274774	1.96896	0.913921	0.0860791	1.324255
1206	-393.3157	-717.9695	324.6538	1.814503	1.426526	0.902846	0.0971536	1.05812
1212	-391.918	-716.0677	324.1497	1.767261	2.068687	0.918269	0.0817305	1.175435
1218	-394.1525	-718.9723	324.8198	1.855531	1.096515	0.663236	0.336764	1.123508
1224	-394.1919	-718.2098	324.0179	1.820185	1.311967	0.817534	0.182466	1.636365
1230	-400.1345	-724.467	324.3325	1.567106	1.125593	0.800346	0.199654	1.707112
1236	-406.2376	-730.3674	324.1298	1.604723	2.347463	0.884976	0.115024	1.202199
1242	-396.5436	-720.7854	324.2418	1.74196	1.584689	0.750101	0.249899	1.372575
1248	-417.9967	-742.1402	324.1435	2.101364	1.895963	0.939781	0.0602187	0.9626722
1254	-403.1613	-728.609	325.4476	1.769498	0.3270715	0.720512	0.279488	1.536443
1260	-396.6289	-720.4065	323.7777	1.282864	1.319206	0.946875	0.0531249	2.16134
1266	-404.719	-729.0343	324.3153	1.536109	1.094582	0.831069	0.168931	1.761139
1272	-395.3178	-719.8091	324.4914	1.554413	1.291682	0.682202	0.317798	1.49599
1278	-396.8142	-722.2816	325.4674	1.768029	0.7457624	0.776376	0.223624	0.9446877
1284	-394.7224	-719.5786	324.8562	1.650815	0.9384059	0.933495	0.0665048	1.393492
1290	-385.1438	-709.3359	324.1921	1.579263	1.681222	0.571808	0.428192	1.484914
1296	-398.776	-723.5347	324.7587	1.579111	0.9869234	0.911292	0.0887083	1.484914
1302	-394.442	-718.0471	323.6051	1.530683	2.822205	0.783746	0.216254	1.497549
1308	-396.9526	-721.4863	324.5337	1.886712	1.104545	0.924982	0.075018	1.332553
1314	-401.9256	-725.7539	323.8283	1.397437	1.254686	0.79763	0.20237	2.088175
1320	-408.4228	-731.3296	322.9067	1.557656	2.416087	0.955389	0.0446112	2.098201
1326	-406.2371	-730.1855	323.9484	1.524779	1.534827	0.826016	0.173984	1.773877
1332	-414.9413	-740.1905	325.2492	1.689379	0.9755787	0.725851	0.274149	0.9850492
1338	-404.9283	-728.7896	323.8613	1.801639	2.887701	0.925335	0.0746653	1.034545
1344	-382.9758	-707.1773	324.2014	1.813355	2.303732	0.859865	0.140135	0.9619804
1350	-390.7142	-715.3419	324.6277	1.723363	1.944289	0.81066	0.18934	0.8062485
1356	-383.3928	-708.5119	325.119	1.986395	0.7376023	0.837039	0.162961	1.083158
1362	-390.7551	-715.6801	324.9251	1.939054	0.9495314	0.921184	0.0788156	1.083158
1368	-407.3368	-732.139	324.8022	2.042808	1.201458	0.50467	0.49533	0.8545954
1374	-400.2901	-724.8296	324.5394	2.042808	1.533726	0.844981	0.155019	0.8545954
1380	-395.1901	-720.4955	325.3054	2.125303	0.6416683	0.969567	0.0304335	0.8795964
1386	-402.3438	-727.8505	325.5066	1.939921	0.4845297	0.70283	0.29717	1.106258
1392	-408.0888	-732.5732	324.4843	2.013552	1.142377	0.98801	0.0119899	1.240842
1398	-392.1843	-716.9076	324.7233	1.588326	1.297968	0.580459	0.419541	1.284103
1404	-396.165	-719.4277	323.2628	1.823389	3.623975	0.835127	0.164873	1.284103
1410	-400.0117	-722.8134	322.8017	2.025161	5.322344	0.979677	0.0203234	1.049714
1416	-380.5399	-705.8404	325.3005	1.884481	0.4061002	0.72813	0.27187	1.438789
1422	-395.8325	-720.407	324.5746	2.173853	1.276219	0.887792	0.112208	0.8931923
1428	-391.9066	-717.2114	325.3048	2.033038	0.5828409	0.921963	0.0780372	1.062776
1434	-385.9178	-710.3909	324.4731	1.990461	1.796819	0.83458	0.16542	0.7774627
1440	-393.4489	-717.6598	324.2109	2.228389	1.870942	0.838121	0.161879	0.7449399
1446	-391.6334	-715.8097	324.1763	2.15845	2.04621	0.917137	0.0828635	0.7449399
1452	-388.3712	-713.8486	325.4774	1.917515	0.5982654	0.860801	0.139199	0.9848013
1458	-401.8099	-727.1299	325.32	2.478207	0.5250355	0.656722	0.343278	0.4918451
1464	-399.1053	-722.9069	323.8016	2.359559	2.531478	0.905422	0.0945777	0.4386421
1470	-398.6861	-722.3585	323.6724	2.242473	3.064752	0.813357	0.186643	0.5895757
1476	-399.4481	-724.9557	325.5076	1.977715	0.5653846	0.896428	0.103572	0.9416368
1482	-404.5677	-729.1976	324.6299	2.086394	1.336271	0.93155	0.0684496	0.8736703
1488	-403.0797	-727.643	324.5633	1.96785	1.549602	0.948395	0.051605	0.9006602
1494	-399.8807	-723.7657	323.885	2.142639	2.770756	0.903776	0.0962238	0.6311503
1500	-417.5781	-742.8001	325.2219	1.751993	0.6441342	0.314735	0.685265	1.302601
1506	-403.175	-725.5804	322.4054	1.79338	7.3964	0.570425	0.429575	1.183766
1512	-388.6904	-711.3915	322.7011	1.811694	6.531253	0.788716	0.211284	1.067377
1518	-405.7818	-728.2191	322.4373	1.81727	7.171671	0.923318	0.0766819	1.175425
1524	-409.4219	-734.8543	325.4325	2.32825	0.5419588	0.952356	0.0476444	0.4297772
1530	-411.7288	-735.6556	323.9268	2.060727	2.751989	0.931584	0.0684156	0.7243219
1536	-395.173	-719.8431	324.6701	2.008216	1.427836	0.816541	0.183459	0.8330101
1542	-404.1143	-729.0948	324.9805	1.928687	0.9518357	0.865843	0.134157	1.038246
1548	-401.9686	-726.4845	324.5159	1.913925	1.71929	0.858663	0.141337	0.8832601
1554	-392.0777	-716.7131	324.6355	2.099759	1.364497	0.670076	0.329924	0.8232921
1560	-397.1278	-720.7419	323.6141	1.842928	4.261233	0.958081	0.0419187	0.6480312
1566	-397.1662	-720.5048	323.3386	1.842928	5.146085	0.873589	0.126411	0.6765587
1572	-389.9257	-715.145	325.2193	1.972394	0.8305544	0.691209	0.308791	0.8810657
1578	-393.1477	-717.6829	324.5352	1.928356	1.660028	0.910458	0.0895418	0.8900424
1584	-396.6933	-720.7921	324.0989	1.916681	2.427355	0.820013	0.179987	0.8921905
1590	-390.1507	-714.7229	324.5722	1.693691	1.80389	0.942058	0.0579425	0.9997947
1596	-399.6234	-723.644	324.0205	2.079861	1.981054	0.890552	0.109448	1.055194
1602	-402.4483	-726.4293	323.981	1.5531	1.981054	0.945981	0.0540194	1.521252
1608	-406.9216	-728.9834	322.0618	1.695536	5.002573	0.803949	0.196051	1.933594
1614	-400.6305	-724.6657	324.0352	1.585153	1.075772	0.841184	0.158816	1.931741
1620	-396.5551	-721.0368	324.4817	1.442631	1.022685	0.937359	0.062641	1.758333
1626	-394.0313	-718.3965	324.3652	2.102816	1.506626	0.974108	0.0258923	1.000223
1632	-392.3169	-717.4851	325.1682	2.023984	0.7371936	0.798503	0.201497	1.000223
1638	-383.7117	-708.2386	324.527	2.364502	1.329796	0.917006	0.0829945	0.6048458
1644	-387.2919	-713.0979	325.806	2.125032	0.4329692	0.874745	0.125255	0.6188417
1650	-394.7462	-719.3086	324.5624	2.127873	1.590843	0.910282	0.0897175	0.6188417
1656	-398.2021	-723.8618	325.6598	2.203326	0.4712956	0.877349	0.122651	0.6187316
1662	-402.1558	-727.6353	325.4794	2.016779	0.6962604	0.816559	0.183441	0.6853746
1668	-404.3666	-728.9779	324.6113	2.357508	1.242024	0.960348	0.0396518	0.5902422
1674	-393.1669	-718.331	325.1641	2.384595	0.6977432	0.675102	0.324898	0.5229359
1680	-405.7836	-731.1605	325.3769	2.259685	0.6190809	0.812366	0.187634	0.4062629
1686	-402.581	-726.5629	323.9819	2.263845	2.338809	0.967823	0.0321769	0.4057617
1692	-410.5511	-735.9314	325.3803	2.190896	0.6775175	0.905119	0.0948811	0.4511755
1698	-414.2705	-740.395	326.1245	1.935366	0.3146837	0.61525	0.38475	0.8068628
1704	-402.3817	-726.0506	323.6689	1.728563	2.501331	0.871239	0.128761	1.412579
1710	-397.2144	-721.9708	324.7563	1.805165	1.264979	0.947299	0.0527011	1.091688
1716	-394.1531	-717.8213	323.6681	2.02114	3.319623	0.947301	0.0526989	0.809104
1722	-393.1012	-716.6091	323.508	1.816826	3.31111	0.754059	0.245941	1.182907
1728	-393.6216	-717.8727	324.2511	1.793424	1.990632	0.899762	0.100238	1.102008
1734	-381.259	-706.8685	325.6095	1.671719	0.7327428	0.986539	0.0134613	0.912699
1740	-385.1611	-711.3039	326.1427	1.566858	0.3353074	0.878674	0.121326	1.125666
1746	-385.9079	-710.8376	324.9297	1.701021	1.160426	0.921529	0.078471	1.11108
1752	-409.3815	-734.7031	325.3215	1.205102	0.6514989	0.817013	0.182987	1.634754
1758	-398.5515	-723.5326	324.9811	1.837145	0.5901413	0.599685	0.400315	1.484181
1764	-400.4067	-725.1618	324.7551	1.837145	1.036359	0.922605	0.0773953	1.245113
1770	-403.125	-728.4604	325.3355	1.999279	0.7168395	0.689154	0.310846	0.8748282
1776	-394.9542	-719.9492	324.9951	1.929826	1.084432	0.996086	0.00391411	0.8852059
1782	-423.3233	-749.5861	326.2628	1.800548	0.2143648	0.712059	0.287941	1.076589
1788	-405.0837	-731.2296	326.1459	1.677499	0.2759954	0.5713	0.4287	1.146205
1794	-395.8953	-722.1771	326.2817	2.045184	0.1943607	0.796208	0.203792	0.8647546
1800	-397.2477	-721.6351	324.3874	2.16095	1.831922	0.638117	0.361883	0.5586828
1806	-425.4289	-750.5067	325.0777	2.070567	1.007928	0.642132	0.357868	0.674713
1812	-395.0487	-721.1418	326.0931	2.223322	0.2638389	0.600166	0.399834	0.4998869
1818	-393.2092	-717.7378	324.5287	1.98173	1.44248	0.893606	0.106394	1.005539
1824	-404.2497	-728.8202	324.5706	2.398308	1.256345	0.97291	0.0270902	0.5352735
1830	-413.7108	-737.4733	323.7625	2.302279	2.748505	0.960889	0.039111	0.5352735
1836	-396.2059	-722.0065	325.8007	1.930043	0.435524	0.805894	0.194106	0.9088238
1842	-395.8514	-721.6501	325.7986	1.797138	0.5772852	0.794984	0.205016	0.7890371
1848	-396.2791	-720.2088	323.9298	1.789718	2.519197	0.956224	0.0437756	1.140004
1854	-384.5037	-708.2861	323.7824	1.937055	2.519197	0.80457	0.19543	1.140004
1860	-385.7108	-710.085	324.3742	1.819959	1.997418	0.759941	0.240059	0.9521238
1866	-394.2608	-718.6567	324.3959	2.026109	1.643969	0.874096	0.125904	0.9476283
1872	-395.4456	-721.933	326.4874	2.026109	0.1559484	0.921006	0.078994	0.7851552
1878	-391.3675	-716.2641	324.8966	2.130373	1.030337	0.788842	0.211158	0.8246616
1884	-402.3688	-727.1612	324.7924	2.212049	1.030337	0.819986	0.180014	0.8526193
1890	-402.2755	-726.7848	324.5093	2.246338	0.9493301	0.703312	0.296688	1.180575
1896	-399.4225	-723.7186	324.2962	1.793222	1.203642	0.90936	0.0906399	1.519102
1902	-397.4052	-721.1337	323.7285	1.921772	2.58301	0.910567	0.0894326	1.173801
1908	-394.9127	-720.5687	325.656	1.660383	0.6650183	0.68236	0.31764	0.9694051
1914	-388.2648	-713.1838	324.919	1.490681	0.6783701	0.856531	0.143469	1.692416
1920	-392.5465	-717.0443	324.4978	1.770869	1.164188	0.829331	0.170669	1.409298
1926	-389.0911	-714.4868	325.3957	2.182415	0.540433	0.777914	0.222086	0.8813951
1932	-390.2606	-715.1642	324.9036	2.358105	0.8904979	0.841455	0.158545	0.6910764
1938	-390.0166	-715.3418	325.3252	2.17235	0.701058	0.933176	0.0668239	0.6709565
1944	-389.1378	-714.2553	325.1175	2.096419	0.8758377	0.879418	0.120582	0.7898082
1950	-397.7531	-723.0888	325.3358	1.887061	0.6313969	0.813277	0.186723	1.104566
1956	-405.9046	-731.2498	325.3453	2.008606	0.5022981	0.464821	0.535179	1.162572
1962	-394.0073	-719.5629	325.5556	2.008606	0.5170133	0.919762	0.0802382	0.9382141
1968	-405.0353	-729.6719	324.6366	2.124725	1.392991	0.558116	0.441884	0.757368
1974	-384.1729	-708.631	324.458	2.0588	1.644913	0.798965	0.201035	0.8390981
1980	-380.6119	-705.3312	324.7193	2.01393	1.321325	0.894704	0.105296	0.8679191
1986	-398.1659	-722.7423	324.5763	1.922442	1.452434	0.978642	0.0213583	1.00962
1992	-388.9668	-712.99	324.0233	2.181357	2.380135	0.858499	0.141501	0.6554211
1998	-396.5297	-721.9396	325.4099	2.20085	0.6273038	0.834567	0.165433	0.6426601
2004	-394.0825	-718.5477	324.4652	2.38352	1.364603	0.914526	0.085474	0.6426601
2010	-390.4638	-715.2003	324.7365	2.138619	1.315798	0.851092	0.148908	0.6693546
2016	-401.8952	-725.3222	323.4271	2.160435	3.858942	0.896151	0.103849	0.655266
2022	-425.7421	-748.8572	323.1151	1.788536	5.018188	0.877826	0.122174	1.055617
2028	-390.2928	-714.851	324.5582	1.879621	1.589895	0.958043	0.0419574	0.970269
2034	-425.5779	-751.0756	325.4977	2.02411	0.6091512	0.874412	0.125588	0.8248448
2040	-408.5044	-732.7468	324.2424	1.964947	2.045918	0.98447	0.0155304	0.9072603
2046	-407.9728	-733.1203	325.1475	2.02793	0.8646936	0.62552	0.37448	0.854759
2052	-422.8958	-748.0199	325.1241	1.840411	0.7894525	0.99217	0.00783044	1.153344
2058	-412.42	-737.8587	325.4387	1.732752	0.7777863	0.743002	0.256998	0.9706396
2064	-396.02	-721.8017	325.7817	1.669905	0.4155636	0.806967	0.193033	1.209917
2070	-393.2161	-717.2677	324.0517	1.81379	2.156272	0.761921	0.238079	1.177353
2076	-399.4173	-724.6183	325.201	2.145923	0.6894328	0.829134	0.170866	0.9015674
2082	-397.6634	-720.9344	323.271	2.051614	4.446678	0.990181	0.00981924	0.7766486
2088	-400.2157	-723.8992	323.6834	2.233792	2.682876	0.910905	0.0890945	0.862872
2094	-396.4354	-721.1248	324.6893	2.022939	1.394837	0.899889	0.100111	0.8222476
2100	-403.3229	-727.7871	324.4642	2.248084	1.394837	0.763749	0.236251	0.8222476
2106	-407.642	-732.3884	324.7464	2.063136	1.153245	0.877834	0.122166	0.9427838
2112	-419.4071	-744.2865	324.8794	1.791056	1.113845	0.797214	0.202786	1.113371
2118	-401.9037	-726.1738	324.2701	1.920985	1.778577	0.840708	0.159292	1.087155
2124	-405.2647	-730.0443	324.7796	1.77949	1.098876	0.762797	0.237203	1.222939
2130	-400.1344	-724.4025	324.2681	1.66205	1.951288	0.906179	0.0938208	1.222939
2136	-399.3652	-724.1559	324.7907	2.005313	1.188986	0.684909	0.315091	0.9231855
2142	-403.5136	-728.3633	324.8496	1.756986	1.302384	0.934703	0.0652975	1.019386
2148	-411.9597	-735.6728	323.7132	1.785715	3.32175	0.79585	0.20415	1.019386
2154	-406.8474	-732.3182	325.4708	1.888447	0.7996954	0.821332	0.178668	0.7008576
2160	-397.5882	-722.8503	325.2621	2.013272	0.7996954	0.834958	0.165042	0.8233297
2166	-391.5817	-716.9404	325.3587	2.105826	0.6429549	0.885286	0.114714	0.8369214
2172	-394.2129	-720.0139	325.8009	2.107121	0.4109686	0.800805	0.199195	0.7405301
2178	-391.1962	-716.7355	325.5394	2.326752	0.4681209	0.956467	0.0435334	0.6249789
2184	-395.8915	-721.4891	325.5976	2.1154	0.5488496	0.92091	0.0790898	0.6711038
2190	-399.6822	-724.0543	324.3721	1.917191	1.478714	0.849487	0.150513	1.184338
2196	-392.9916	-718.1408	325.1492	1.66983	0.7263396	0.535414	0.464586	1.339747
2202	-401.4554	-726.6942	325.2388	2.028974	0.6735737	0.755441	0.244559	1.006998
2208	-410.3068	-734.8936	324.5868	1.862074	1.192304	0.75695	0.24305	1.244653
2214	-389.0266	-714.3977	325.3711	1.715596	0.6618302	0.851156	0.148844	1.188129
2220	-402.045	-727.6247	325.5797	1.809946	0.5318209	0.776342	0.223658	1.087448
2226	-396.6379	-722.1077	325.4698	1.768434	0.6408315	0.523145	0.476855	1.078205
2232	-403.9641	-728.0041	324.04	1.844011	1.448051	0.967918	0.0320816	1.524842
2238	-412.1122	-736.109	323.9968	1.883364	1.832841	0.857505	0.142495	1.32387
2244	-410.659	-735.5463	324.8872	1.822732	1.148203	0.820883	0.179117	1.04747
2250	-408.1809	-732.5625	324.3816	1.868335	1.752879	0.910453	0.0895473	1.04747
2256	-391.3386	-716.3844	325.0458	1.685465	0.8859258	0.947614	0.0523861	1.258582
2262	-406.6223	-730.5441	323.9218	1.685465	2.445013	0.93056	0.0694397	1.267463
2268	-390.4956	-715.1138	324.6182	1.49586	1.367736	0.689831	0.310169	1.396945
2274	-399.5007	-724.0944	324.5937	1.902457	1.697795	0.909341	0.090659	0.8201266
2280	-408.0544	-732.5665	324.5121	1.660566	1.13149	0.811066	0.188934	1.504833
2286	-427.7595	-752.2364	324.4769	1.72636	1.566442	0.853624	0.146376	1.20356
2292	-412.535	-736.4055	323.8705	1.651028	3.77966	0.834168	0.165832	0.8050763
2298	-408.035	-731.3707	323.3357	1.764919	2.33461	0.969194	0.0308057	1.693928
2304	-397.6833	-721.9742	324.2909	1.766704	1.303254	0.985302	0.0146977	1.479927
2310	-392.3612	-718.0717	325.7105	1.529579	0.3964219	0.659185	0.340815	1.410698
2316	-398.5918	-724.0165	325.4247	1.840374	0.7443002	0.961537	0.0384633	0.914527
2322	-408.2371	-732.6862	324.4491	1.873256	1.853712	0.993822	0.00617832	0.9073384
2328	-399.3741	-724.9027	325.5286	1.769905	0.7054335	0.809766	0.190234	0.9319311
2334	-390.5787	-715.125	324.5464	2.027916	1.464208	0.900551	0.0994487	0.9221366
2340	-401.8068	-726.9286	325.1218	2.097329	0.8409514	0.700341	0.299659	0.8338575
2346	-400.3546	-725.6972	325.3426	2.028446	0.7197365	0.699351	0.300649	0.8263591
2352	-410.1191	-734.7175	324.5984	1.857604	1.309474	0.829995	0.170005	1.153629
2358	-401.8269	-727.0854	325.2585	1.52225	0.3823659	0.728962	0.271038	1.766612
2364	-401.8594	-727.106	325.2466	1.658933	0.3997631	0.629761	0.370239	1.654388
2370	-397.6194	-722.7062	325.0868	1.862077	0.6529542	0.878203	0.121797	1.313089
2376	-414.4455	-736.4586	322.0132	1.746857	7.710241	0.919388	0.0806119	1.485333
2382	-398.1882	-721.1262	322.938	1.895369	4.510601	0.971358	0.0286422	1.249026
2388	-398.712	-722.1328	323.4208	1.991906	3.422656	0.942939	0.0570614	1.064776
2394	-404.3691	-725.5014	321.1324	1.513823	2.440534	0.910083	0.0899167	3.214412
2400	-393.9029	-715.9894	322.0865	1.505389	2.899819	0.857422	0.142578	2.510735
2406	-396.9915	-721.2173	324.2258	1.683843	1.374672	0.90389	0.0961099	1.547648
2412	-398.2536	-722.3416	324.088	1.932685	1.570174	0.840454	0.159546	1.351488
2418	-409.3912	-732.1932	322.802	1.609575	4.241951	0.365162	0.634838	1.637233
2424	-398.8292	-721.9042	323.0751	1.905473	5.029522	0.793302	0.206698	0.9768248
2430	-405.0068	-729.411	324.4042	2.105591	1.874507	0.786952	0.213048	0.6022225
2436	-395.1714	-720.7677	325.5963	2.097192	0.5779484	0.643208	0.356792	0.6154787
2442	-396.2802	-720.1471	323.8668	1.93576	3.137593	0.684148	0.315852	0.752874
2448	-383.9789	-709.1625	325.1836	1.671819	0.7846282	0.816285	0.183715	1.25166
2454	-391.5709	-714.5392	322.9683	1.726992	3.066779	0.916479	0.0835209	1.740082
2460	-404.9731	-730.1219	325.1488	1.909622	0.6573755	0.865723	0.134277	1.217469
2466	-389.3762	-714.6104	325.2342	1.536606	0.6030605	0.726784	0.273216	1.505631
2472	-389.4614	-715.1243	325.6629	1.996942	0.4556723	0.778364	0.221636	0.9465741
2478	-390.198	-714.3161	324.1181	1.818433	1.78302	0.959634	0.0403657	1.303925
2484	-404.4508	-729.3716	324.9208	1.783121	0.8606256	0.702461	0.297539	1.303925
2490	-397.202	-721.7881	324.5862	1.803567	1.737225	0.934048	0.065952	0.9151521
2496	-398.7655	-722.5747	323.8092	1.844438	2.464789	0.938543	0.061457	1.220389
2502	-397.1576	-720.2199	323.0624	1.417664	2.464789	0.952054	0.0479463	2.071838
2508	-405.1839	-728.6447	323.4608	1.732372	1.986721	0.669513	0.330487	1.764055
2514	-396.3277	-719.4513	323.1236	1.24227	2.507812	0.985305	0.014695	2.132788
2520	-409.7375	-734.1683	324.4307	1.744351	0.9328899	0.844865	0.155135	1.645444
2526	-402.9976	-726.7513	323.7537	1.896273	2.891812	0.778191	0.221809	1.045258
2532	-401.0315	-724.3673	323.3358	1.791463	4.041414	0.80561	0.19439	1.124266
2538	-391.7444	-716.8495	325.1052	1.954635	0.8268177	0.794681	0.205319	1.024645
2544	-386.8878	-709.8239	322.9361	1.701012	3.966317	0.792594	0.207406	1.538986
2550	-400.48	-725.3685	324.8884	1.554912	1.166073	0.892028	0.107972	1.268497
2556	-386.6164	-711.5557	324.9393	1.591687	1.070788	0.746821	0.253179	1.268497
2562	-381.2331	-706.297	325.064	1.67856	0.8882713	0.734272	0.265728	1.247042
2568	-390.8671	-716.4709	325.6038	1.844554	0.6074844	0.580549	0.419451	0.9142041
2574	-393.9591	-718.0927	324.1336	1.378539	2.093429	0.816833	0.183167	1.489035
2580	-388.3892	-712.6251	324.2359	1.691683	1.884947	0.909973	0.0900266	1.258737
2586	-390.2935	-714.4362	324.1427	1.735887	1.965998	0.877686	0.122314	1.258737
2592	-391.9901	-716.4409	324.4508	1.921787	1.375312	0.92731	0.0726898	1.180544
2598	-398.1267	-723.0218	324.8951	1.921787	1.165776	0.77756	0.22244	0.9227266
2604	-394.3055	-719.1313	324.8258	2.081404	1.157688	0.858203	0.141797	0.8254881
2610	-404.476	-728.7041	324.2281	2.180689	1.826218	0.780387	0.219613	0.8254881
2616	-405.8975	-730.8637	324.9661	1.981114	1.120499	0.718872	0.281128	0.8174556
2622	-395.1366	-718.3782	323.2416	1.975686	3.558536	0.980156	0.0198435	1.194326
2628	-394.3971	-719.0783	324.6811	1.774852	1.25698	0.840927	0.159073	1.191566
2634	-404.1392	-726.9327	322.7935	1.924086	5.53736	0.889405	0.110595	1.099243
2640	-379.3469	-703.1222	323.7753	1.689538	3.123819	0.86693	0.13307	1.125754
2646	-397.5362	-720.3231	322.7869	1.942368	4.570789	0.798495	0.201505	1.319298
2652	-391.629	-715.5496	323.9206	1.80503	2.215576	0.839885	0.160115	1.268281
2658	-392.5507	-717.8169	325.2662	1.80503	0.6189559	0.543944	0.456056	1.251659
2664	-397.7104	-721.6816	323.9711	1.827749	2.831788	0.809107	0.190893	0.9205536
2670	-389.3948	-712.6582	323.2634	1.793823	4.163915	0.838731	0.161269	1.15071
2676	-404.4743	-728.3931	323.9188	1.702183	0.9950554	0.897836	0.102164	1.984137
2682	-393.3358	-718.6601	325.3243	2.093404	0.7150935	0.849234	0.150766	0.7718816
2688	-401.1682	-725.7499	324.5817	1.9424	1.30068	0.830094	0.169906	1.098883
2694	-388.7934	-712.3725	323.5791	1.991	2.997566	0.912796	0.0872045	1.077719
2700	-384.8094	-710.3935	325.5841	1.897571	0.6180763	0.895251	0.104749	0.8585794
2706	-412.8659	-737.8106	324.9447	1.749337	1.370632	0.846022	0.153978	0.8677226
2712	-401.857	-725.1617	323.3047	2.108129	3.891603	0.754882	0.245118	0.8901831
2718	-404.3955	-728.4499	324.0543	2.104921	2.369363	0.69785	0.30215	0.7447533
2724	-402.6019	-726.4066	323.8046	1.899117	3.048319	0.80909	0.19091	0.9222933
2730	-414.0154	-736.0468	322.0315	1.652885	5.852403	0.740518	0.259482	1.831384
2736	-399.5506	-723.2898	323.7392	1.695985	2.570904	0.86468	0.13532	1.356583
2742	-394.5452	-718.7827	324.2375	1.673437	1.629829	0.675878	0.324122	1.404889
2748	-405.1693	-729.3827	324.2135	1.843419	2.107716	0.86009	0.13991	1.026778
2754	-422.913	-747.0762	324.1632	1.987531	1.158969	0.779237	0.220763	1.502717
2760	-413.6255	-737.9985	324.373	1.910317	1.766863	0.708406	0.291594	1.006109
2766	-414.412	-737.2352	322.8233	1.725847	4.398975	0.959682	0.0403181	1.499842
2772	-413.9404	-738.3389	324.3985	1.724914	1.615397	0.646332	0.353668	1.242065
2778	-414.4499	-738.1588	323.7089	1.306007	1.241253	0.731233	0.268767	2.232715
2784	-412.966	-737.1474	324.1814	1.442092	0.3930612	0.829346	0.170654	2.51044
2790	-422.2946	-745.8799	323.5853	1.314826	1.363102	0.755303	0.244697	2.242395
2796	-406.8658	-731.3921	324.5263	1.735669	1.127921	0.895304	0.104696	1.439667
2802	-416.969	-741.8572	324.8882	1.701852	0.5396338	0.683726	0.316274	1.706352
2808	-408.7501	-734.1873	325.4372	1.823416	0.6872058	0.75737	0.24263	0.995984
2814	-402.8335	-727.5419	324.7084	1.958215	1.203615	0.792541	0.207459	1.042019
2820	-397.4877	-722.6573	325.1695	2.020299	0.6821149	0.95705	0.0429497	1.071132
2826	-389.4748	-714.2903	324.8155	2.090691	0.9679395	0.892293	0.107707	1.025081
2832	-386.8494	-713.0223	326.1729	2.227665	0.1801036	0.724764	0.275236	0.8289367
2838	-419.7823	-743.8092	324.0269	2.291043	1.767653	0.979279	0.0207211	0.9705394
2844	-408.2626	-733.3049	325.0423	1.862312	1.319978	0.674806	0.325194	0.5888139
2850	-403.7568	-729.1818	325.4251	1.880571	0.5219215	0.897417	0.102583	1.176851
2856	-403.4825	-729.2136	325.7311	1.781066	0.4555965	0.84148	0.15852	1.091838
2862	-391.4094	-716.5219	325.1125	1.921769	0.9795027	0.812555	0.187445	0.87734
2868	-411.9769	-738.2957	326.3188	2.068719	0.1760614	0.942291	0.0577087	0.8607337
2874	-411.0064	-737.337	326.3306	1.868449	0.09857097	0.881203	0.118797	1.306745
2880	-415.7743	-742.6174	326.8432	1.873677	0.04786127	0.839657	0.160343	1.064904
2886	-411.8105	-738.1607	326.3502	2.099839	0.1593985	0.48623	0.51377	0.8516703
2892	-401.2371	-727.2997	326.0626	2.099839	0.2572737	0.71481	0.28519	0.8516703
2898	-403.2383	-729.1582	325.92	1.779528	0.3122745	0.726862	0.273138	1.179731
2904	-402.5655	-728.1992	325.6337	1.757893	0.4568708	0.906065	0.0939348	1.196958
2910	-404.5441	-728.2736	323.7295	1.623893	3.198424	0.843921	0.156079	1.196958
2916	-413.3001	-737.1392	323.839	1.732744	2.692732	0.814952	0.185048	1.196958
2922	-402.6509	-727.6581	325.0071	1.754943	1.047218	0.928124	0.0718764	1.087031
2928	-396.2577	-720.3164	324.0587	1.64713	1.925121	0.970194	0.0298062	1.416359
2934	-400.0389	-723.4396	323.4007	1.729211	3.519285	0.898586	0.101414	1.279905
2940	-395.7882	-720.6728	324.8846	1.666062	1.035908	0.658244	0.341756	1.279905
2946	-418.8963	-742.7709	323.8747	1.684623	2.988462	0.471275	0.528725	1.091323
2952	-415.1495	-740.2044	325.0548	2.053287	0.9036981	0.867737	0.132263	0.8836144
2958	-399.8667	-724.5126	324.6459	2.052024	1.294533	0.884979	0.115021	0.9322892
2964	-400.9706	-725.5021	324.5316	1.79055	1.11383	0.551012	0.448988	1.403269
2970	-405.806	-731.4437	325.6377	1.74017	0.5637899	0.917325	0.0826752	1.051986
2976	-408.8479	-735.1234	326.2755	1.846316	0.2032541	0.830872	0.169128	1.051986
2982	-392.5292	-717.6582	325.129	1.505794	0.7621516	0.580096	0.419904	1.448676
2988	-410.0774	-735.1803	325.1029	1.860937	0.7621516	0.707604	0.292396	1.182734
2994	-401.4385	-726.5692	325.1306	1.960775	0.7621516	0.741938	0.258062	1.06788
3000	-419.0864	-743.7881	324.7017	1.626783	0.6198458	0.762943	0.237057	1.805599
3006	-414.0727	-738.783	324.7103	1.198525	0.5065042	0.687629	0.312371	2.20076
3012	-409.6441	-733.3016	323.6574	1.997461	2.792196	0.933496	0.0665037	1.082358
3018	-394.1764	-717.0353	322.8589	1.847437	2.55058	0.861223	0.138777	1.892351
3024	-392.5775	-716.0805	323.503	1.827743	3.176464	0.893191	0.106809	1.22381
3030	-391.8168	-715.5816	323.7648	1.804127	3.405325	0.924067	0.0759327	0.913152
3036	-388.5064	-712.9204	324.414	1.85149	1.705994	0.850038	0.149962	1.061936
3042	-404.7677	-728.9996	324.2319	2.201098	1.942237	0.846222	0.153778	0.6828833
3048	-407.362	-732.1616	324.7996	2.133787	1.247165	0.646514	0.353486	0.6666176
3054	-395.749	-720.3184	324.5694	2.098301	1.333392	0.812174	0.187826	0.9308349
3060	-392.468	-716.4234	323.9554	2.320732	2.15416	0.928256	0.0717442	0.7413438
3066	-403.7795	-727.7766	323.9971	2.253269	2.357114	0.586358	0.413642	0.5577976
3072	-395.6398	-719.6734	324.0336	2.332921	2.13203	0.774367	0.225633	0.5769404
3078	-401.7816	-726.7538	324.9722	1.940172	1.041934	0.685814	0.314186	0.9438312
3084	-411.2572	-735.7138	324.4566	1.579043	1.958654	0.761786	0.238214	1.127261
3090	-396.0726	-720.6871	324.6145	1.578296	1.603387	0.856788	0.143212	1.190265
3096	-391.1447	-716.002	324.8573	1.649023	0.8800396	0.839041	0.160959	1.442466
3102	-397.5127	-722.2938	324.7811	1.753679	0.7390287	0.712753	0.287247	1.545252
3108	-419.3284	-742.6932	323.3648	1.583419	3.061976	0.989494	0.0105063	1.559958
3114	-424.7207	-750.1358	325.4151	1.868827	0.7896619	0.85399	0.14601	0.8275147
3120	-400.7653	-726.331	325.5657	2.082012	0.5867627	0.925337	0.074663	0.6862915
3126	-408.2915	-733.9599	325.6684	1.872735	0.3479982	0.846658	0.153342	1.247872
3132	-384.3916	-709.2315	324.8398	1.80673	1.008137	0.882833	0.117167	1.222775
3138	-378.5488	-702.3436	323.7948	1.745466	1.599762	0.79926	0.20074	1.694326
3144	-386.0082	-709.7501	323.7419	1.490115	0.8507429	0.834993	0.165007	2.337198
3150	-385.5239	-708.6273	323.1033	1.74899	3.460088	0.934931	0.0650694	1.513726
3156	-389.1566	-712.8824	323.7257	1.686339	3.460088	0.867295	0.132705	1.051826
3162	-378.8776	-700.9667	322.0891	1.770632	6.660246	0.816542	0.183458	1.573539
3168	-384.9573	-708.4236	323.4663	1.658434	2.783211	0.741044	0.258956	1.518904
3174	-400.9558	-723.9115	322.9557	1.779044	3.982672	0.906174	0.0938255	1.46165
3180	-392.3881	-715.9406	323.5524	1.604477	3.982672	0.891202	0.108798	1.11534
3186	-407.2422	-730.6145	323.3723	1.372694	1.381641	0.888845	0.111155	2.332317
3192	-420.9138	-744.5721	323.6583	1.544006	2.790265	0.506906	0.493094	1.458068
3198	-432.279	-755.9496	323.6706	1.817305	2.210994	0.85004	0.14996	1.458068
3204	-437.6704	-762.6857	325.0152	1.916288	0.8298353	0.83562	0.16438	1.140708
3210	-412.8204	-737.7882	324.9678	1.968122	1.057085	0.844948	0.155052	0.9021958
3216	-409.1471	-733.6291	324.4819	1.800863	1.642093	0.869807	0.130193	1.086071
3222	-428.764	-753.6526	324.8886	1.761943	1.091867	0.836035	0.163965	1.149521
3228	-408.7463	-733.9128	325.1665	1.911723	0.7693244	0.758299	0.241701	1.072059
3234	-405.3068	-730.6866	325.3798	1.575034	0.7226873	0.658805	0.341195	1.232434
3240	-408.8841	-734.7753	325.8912	1.923302	0.2411379	0.696571	0.303429	1.230942
3246	-420.3945	-745.821	325.4265	1.888733	0.6471075	0.849625	0.150375	0.9954303
3252	-422.0291	-745.9824	323.9532	1.998066	2.711768	0.83623	0.16377	0.8035391
3258	-405.9942	-731.6155	325.6213	1.859818	0.6389259	0.761436	0.238564	0.823109
3264	-415.0087	-739.4451	324.4364	1.971032	1.499574	0.417619	0.582381	1.064013
3270	-401.3543	-725.8373	324.483	2.122472	1.157615	0.876857	0.123143	1.136099
3276	-407.4772	-732.7842	325.307	2.091275	0.7006713	0.65038	0.34962	0.8229026
3282	-405.4455	-731.2737	325.8282	2.077382	0.4032533	0.789156	0.210844	0.7660154
3288	-401.1355	-726.7194	325.584	2.305079	0.3912768	0.854589	0.145411	0.819876
3294	-400.8108	-726.1628	325.3521	1.732283	0.73198	0.670689	0.329311	1.109044
3300	-395.4641	-719.795	324.3309	1.726612	1.241177	0.450725	0.549275	1.518826
3306	-400.9054	-725.1024	324.1971	1.507189	1.714012	0.72512	0.27488	1.518826
3312	-399.5133	-724.1784	324.6651	1.698293	0.8715979	0.867812	0.132188	1.556666
3318	-390.963	-715.6948	324.7318	1.502069	1.394031	0.988253	0.0117472	1.285035
3324	-394.8265	-718.6354	323.809	1.84726	3.024537	0.983875	0.016125	0.9828712
3330	-392.475	-715.4555	322.9805	1.923098	2.553146	0.938605	0.0613949	1.755567
3336	-395.7903	-718.9455	323.1552	1.570006	2.609887	0.712933	0.287067	1.860066
3342	-423.2131	-747.6892	324.4761	1.645131	1.123312	0.945722	0.0542782	1.54865
3348	-417.4424	-741.8355	324.3931	1.645131	1.0023	0.616292	0.383708	1.692348
3354	-403.3395	-728.0119	324.6724	1.961181	1.0023	0.782002	0.217998	1.238595
3360	-406.999	-730.5645	323.5655	2.200559	3.180394	0.741696	0.258304	0.7803407
3366	-423.5312	-747.5386	324.0074	2.018406	1.641436	0.961394	0.038606	1.30759
3372	-434.1054	-757.1823	323.0769	1.834138	4.04352	0.961341	0.0386589	1.30759
3378	-409.7349	-733.7524	324.0176	1.615915	1.933663	0.906543	0.0934571	1.467825
3384	-404.564	-727.6679	323.1039	1.450248	2.666693	0.927522	0.0724776	1.957855
3390	-411.1796	-735.4836	324.304	1.49478	0.8403706	0.714187	0.285813	1.975663
3396	-418.0126	-741.0577	323.0451	1.52147	4.147699	0.909023	0.0909772	1.546514
3402	-407.7156	-731.4908	323.7752	1.524123	2.344364	0.814156	0.185844	1.546514
3408	-401.4173	-725.753	324.3357	1.587459	1.893397	0.741539	0.258461	1.258123
3414	-398.3663	-722.8259	324.4597	1.741845	0.803186	0.922477	0.0775228	1.729216
3420	-404.215	-728.6667	324.4517	1.309621	0.9392134	0.933019	0.066981	1.92834
3426	-404.2091	-726.8888	322.6798	1.247644	1.583028	0.852516	0.147484	2.748531
3432	-415.4124	-738.6738	323.2614	1.31473	0.8667241	0.847938	0.152062	2.734765
3438	-406.3291	-730.1274	323.7983	1.49181	1.304146	0.740815	0.259185	2.018479
3444	-404.8662	-728.4937	323.6275	1.748711	1.628137	0.814483	0.185517	1.795545
3450	-394.1737	-718.5045	324.3308	1.815028	1.745901	0.954768	0.0452324	1.147316
3456	-380.7045	-703.8064	323.102	2.031727	4.308085	0.942266	0.0577343	1.037615
3462	-392.1942	-717.18	324.9858	1.959065	1.195902	0.725444	0.274556	0.7245363
3468	-387.5489	-713.1144	325.5655	1.869863	0.6510291	0.793381	0.206619	0.8589218
3474	-391.8281	-716.9258	325.0977	2.185323	0.9247534	0.893406	0.106594	0.5145476
3480	-388.9686	-712.7675	323.7989	2.404627	2.460579	0.727385	0.272615	0.5193335
3486	-396.7962	-720.7361	323.9399	2.311281	2.293964	0.805114	0.194886	0.6514786
3492	-396.9829	-721.8267	324.8438	2.132904	1.196371	0.964562	0.0354379	0.6673319
3498	-400.179	-725.2775	325.0985	1.809353	1.042567	0.683461	0.316539	0.9479403
3504	-407.6638	-733.9938	326.33	2.11964	0.1251193	0.778308	0.221692	0.9878804
3510	-406.6768	-731.1719	324.4951	2.059602	1.407494	0.837282	0.162718	0.9878804
3516	-409.3214	-734.7951	325.4737	2.050594	0.5571324	0.895955	0.104045	0.9129855
3522	-400.464	-723.9563	323.4923	1.979854	3.788301	0.895031	0.104969	0.8629106
3528	-415.1655	-740.1506	324.9851	1.979854	0.7957549	0.825948	0.174052	1.146326
3534	-399.5264	-724.7573	325.2309	1.799157	0.7957549	0.982829	0.0171714	1.08742
3540	-396.4545	-720.8733	324.4188	1.603289	1.112395	0.718522	0.281478	1.628307
3546	-393.0006	-717.774	324.7734	1.77783	0.9376501	0.808083	0.191917	1.359403
3552	-403.4823	-728.3644	324.8821	1.779657	0.8366365	0.757849	0.242151	1.359403
3558	-409.9769	-734.3153	324.3385	1.470508	0.893174	0.820408	0.179592	1.929345
3564	-397.3938	-721.0518	323.658	1.667666	2.286051	0.855959	0.144041	1.54955
3570	-407.1562	-731.3023	324.1461	1.774079	1.358049	0.564181	0.435819	1.54955
3576	-419.1818	-743.7117	324.5298	1.828477	0.8849698	0.92978	0.0702198	1.54955
3582	-412.9831	-736.8958	323.9127	1.882013	1.818286	0.96339	0.0366101	1.398632
3588	-416.4141	-740.5162	324.1022	1.805757	2.129152	0.902265	0.0977349	1.153387
3594	-438.3045	-762.9235	324.619	1.962422	1.198248	0.468791	0.531209	1.12543
3600	-417.2233	-741.1834	323.9601	1.56799	2.640796	0.901523	0.0984772	1.254325
3606	-409.6469	-734.1988	324.5519	2.079449	1.124953	0.743606	0.256394	1.139385
3612	-394.6614	-719.8449	325.1835	2.073828	0.7345301	0.88489	0.11511	0.9363232
3618	-396.998	-721.4307	324.4327	2.034538	1.255166	0.88748	0.11252	1.183177
3624	-386.2987	-710.7686	324.4699	1.607918	1.255166	0.709763	0.290237	1.494746
3630	-423.0443	-746.0632	323.019	1.310647	2.727142	0.877585	0.122415	2.088412
3636	-417.2111	-738.1225	320.9114	1.495235	6.336953	0.800468	0.199532	2.584804
3642	-405.2679	-727.4036	322.1357	1.553752	6.774789	0.622622	0.377378	1.678345
3648	-403.5165	-726.0826	322.5662	1.491297	3.364828	0.928606	0.0713937	2.090916
3654	-394.6475	-718.6373	323.9898	1.70867	1.452114	0.861686	0.138314	1.657868
3660	-396.6853	-720.3361	323.6507	1.70867	1.959903	0.91037	0.0896301	1.657868
3666	-405.9602	-729.8576	323.8974	2.0684	2.296328	0.70131	0.29869	1.015512
3672	-396.2661	-721.0172	324.7511	1.650939	1.427589	0.786317	0.213683	1.118691
3678	-389.3608	-714.6001	325.2393	2.048652	0.8166351	0.872294	0.127706	0.780153
3684	-392.441	-717.0619	324.6209	2.170565	1.261733	0.946523	0.0534766	0.8570996
3690	-392.6157	-716.7733	324.1575	1.751763	2.049455	0.945871	0.0541292	1.191593
3696	-388.8225	-712.4851	323.6626	1.751247	3.604851	0.909834	0.0901658	0.9974575
3702	-407.0773	-731.0778	324.0005	1.867992	2.662103	0.851065	0.148935	0.9290064
3708	-398.219	-724.27	326.051	2.039537	0.2167264	0.927739	0.0722605	1.044472
3714	-405.2834	-730.4657	325.1823	2.047394	0.7831706	0.667235	0.332765	0.9011646
3720	-397.0914	-721.743	324.6516	2.118751	1.412952	0.723924	0.276076	0.7194505
3726	-396.5182	-722.596	326.0778	2.020048	0.2955039	0.473175	0.526825	0.8149969
3732	-399.3529	-723.8475	324.4947	1.738135	1.49074	0.747074	0.252926	1.225025
3738	-390.2674	-714.864	324.5966	1.626684	1.503717	0.804857	0.195143	1.225025
3744	-397.4623	-722.1667	324.7044	1.491565	0.7663314	0.983326	0.0166744	1.763995
3750	-400.8682	-725.2021	324.3339	1.677332	1.74156	0.640733	0.359267	1.264776
3756	-400.5538	-724.8882	324.3344	1.641906	1.795486	0.867178	0.132822	1.264776
3762	-389.5918	-714.6796	325.0878	1.859546	1.025807	0.747499	0.252501	0.9231339
3768	-399.5679	-724.4547	324.8868	1.583124	1.196605	0.553244	0.446756	1.223851
3774	-404.5025	-728.847	324.3446	1.64673	1.219923	0.718683	0.281317	1.581114
3780	-406.745	-730.9127	324.1677	1.498353	1.645386	0.87187	0.12813	1.581114
3786	-405.4565	-730.5986	325.142	1.625751	1.159648	0.945191	0.054809	0.980284
3792	-401.2315	-724.2827	323.0512	1.665855	2.245794	0.82897	0.17103	1.989561
3798	-412.6721	-736.9574	324.2853	1.462315	1.329221	0.918504	0.0814961	1.691077
3804	-406.604	-730.2093	323.6053	1.422332	2.486663	0.922738	0.0772617	1.691077
3810	-399.3268	-724.0226	324.6958	1.671332	1.447361	0.879482	0.120518	1.136566
3816	-403.5787	-727.3843	323.8056	1.771827	3.035932	0.741983	0.258017	1.055487
3822	-393.6469	-718.5407	324.8937	1.656196	1.336132	0.78957	0.21043	1.04779
3828	-398.3478	-722.127	323.7792	1.638405	2.418661	0.997887	0.00211314	1.428783
3834	-408.7478	-733.0915	324.3437	2.005952	1.360529	0.646184	0.353816	1.210337
3840	-396.4094	-720.5853	324.1759	2.007048	2.12725	0.950113	0.0498874	0.8826014
3846	-404.4475	-728.7897	324.3422	2.007048	1.257889	0.811543	0.188457	1.280581
3852	-404.7437	-728.5196	323.776	1.95067	2.595142	0.931979	0.0680209	1.1004
3858	-397.1681	-721.7863	324.6182	1.898336	1.740823	0.831246	0.168754	0.7531992
3864	-421.095	-745.7607	324.6657	1.994338	1.266914	0.919471	0.0805291	0.9954949
3870	-393.3688	-718.1443	324.7755	1.729162	1.125043	0.97522	0.0247796	1.248361
3876	-399.9015	-724.5824	324.6809	1.704308	1.125043	0.850859	0.149141	1.345551
3882	-403.4379	-727.686	324.2482	1.865045	1.286875	0.797113	0.202887	1.44793
3888	-404.9335	-728.4001	323.4666	1.865045	4.342685	0.835192	0.164808	0.808266
3894	-404.1932	-728.5179	324.3247	2.178293	1.891032	0.805158	0.194842	0.5919425
3900	-396.1749	-721.5917	325.4168	1.815582	0.5105907	0.822232	0.177768	1.254667
3906	-401.4367	-725.7011	324.2644	1.970758	1.899162	0.604702	0.395298	0.9706816
3912	-401.8052	-725.7325	323.9273	1.950179	2.219324	0.683343	0.316657	1.136429
3918	-392.3674	-716.203	323.8356	1.924775	2.125402	0.832104	0.167896	1.280436
3924	-405.3285	-728.144	322.8155	2.15621	5.040629	0.63408	0.36592	0.9826598
3930	-404.7206	-728.7657	324.0451	2.239358	2.253304	0.858134	0.141866	0.6243317
3936	-421.5056	-743.7485	322.2428	1.982458	8.99552	0.90243	0.0975703	0.8636739
3942	-420.0095	-743.4517	323.4422	2.042016	3.075833	0.991326	0.00867389	1.126197
3948	-420.6218	-744.5759	323.954	1.862954	2.035266	0.875975	0.124025	1.276085
3954	-402.1235	-726.3511	324.2277	1.684824	1.432034	0.810871	0.189129	1.512633
3960	-400.6362	-722.5412	321.905	1.429408	7.935079	0.986722	0.0132781	1.76168
3966	-402.7341	-728.9782	326.2441	1.741277	0.3701665	0.93614	0.0638595	0.7446258
3972	-402.3883	-727.1463	324.758	2.135443	1.237405	0.866786	0.133214	0.7489363
3978	-405.7559	-728.1278	322.3719	2.289993	7.512651	0.921413	0.0785868	0.6042927
3984	-420.7223	-743.9208	323.1986	2.035048	4.486801	0.95481	0.0451896	0.8740053
3990	-394.7721	-719.4706	324.6986	2.144581	1.357931	0.907873	0.092127	0.6656639
3996	-402.1912	-726.1274	323.9362	2.16271	2.607556	0.898164	0.101836	0.6415659
4002	-401.3129	-725.4845	324.1716	1.883411	1.874	0.848265	0.151735	1.155738
4008	-394.2722	-719.4719	325.1997	1.813424	0.814845	0.774697	0.225303	1.082263
4014	-404.4349	-729.7914	325.3566	1.764482	0.7144583	0.837068	0.162932	1.095818
4020	-402.8296	-727.9444	325.1148	1.747946	0.6400162	0.913956	0.0860437	1.395474
4026	-400.2902	-726.107	325.8167	1.576617	0.3416484	0.726596	0.273404	1.378138
4032	-396.5388	-721.6144	325.0756	1.511581	1.106129	0.77201	0.22799	1.193242
4038	-412.6879	-737.4988	324.811	1.891348	1.252673	0.912775	0.0872247	0.9645192
4044	-391.5039	-716.2898	324.7859	1.655134	1.252673	0.77553	0.22447	1.207501
4050	-402.0607	-726.5392	324.4784	1.455125	1.755551	0.922395	0.0776048	1.320664
4056	-396.9323	-721.4752	324.5429	1.718166	1.78266	0.576155	0.423845	1.017965
4062	-395.3681	-719.7729	324.4048	1.641981	2.499685	0.866376	0.133624	0.8106545
4068	-386.783	-711.3809	324.5978	1.836951	1.383675	0.918496	0.0815045	1.119757
4074	-402.3967	-727.0618	324.6651	1.548115	1.479825	0.966647	0.0333526	1.248223
4080	-411.3716	-734.7405	323.3689	2.06882	4.282532	0.842358	0.157642	0.6736355
4086	-405.0475	-728.702	323.6544	1.816572	3.480429	0.698049	0.301951	0.9864233
4092	-393.5062	-716.509	323.0029	2.134886	5.493463	0.683276	0.316724	0.5311742
4098	-398.8104	-722.8119	324.0015	1.752881	1.78325	0.721301	0.278699	1.446943
4104	-393.0925	-716.8251	323.7326	1.833818	2.577529	0.784618	0.215382	1.247482
4110	-398.8274	-723.3514	324.5239	1.950001	1.765049	0.840775	0.159225	0.7912321
4116	-392.0663	-715.7135	323.6472	1.718857	2.793438	0.720668	0.279332	1.329239
4122	-386.4506	-710.7196	324.269	1.535834	1.736125	0.831754	0.168246	1.431722
4128	-399.5442	-724.4676	324.9234	1.71848	0.8804179	0.80041	0.19959	1.336186
4134	-400.0527	-724.614	324.5613	1.626361	1.477431	0.918526	0.081474	1.27095
4140	-401.698	-725.7526	324.0546	1.61232	1.624601	0.776826	0.223174	1.590909
4146	-422.9978	-745.4272	322.4294	2.076235	7.484694	0.915911	0.0840893	0.8639424
4152	-402.9622	-726.7574	323.7952	1.673042	2.984159	0.811368	0.188632	1.17447
4158	-400.1215	-723.8496	323.7281	1.782672	2.084055	0.772494	0.227506	1.49405
4164	-389.6962	-714.0806	324.3844	1.609146	2.084055	0.663835	0.336165	1.099187
4170	-406.1692	-731.3462	325.1769	1.74119	0.7833297	0.885188	0.114812	1.200066
4176	-399.9612	-723.6101	323.6489	1.727249	3.069731	0.799884	0.200116	1.222529
4182	-400.5883	-723.4011	322.8128	2.050235	5.363662	0.810358	0.189642	1.003762
4188	-393.2965	-717.8208	324.5243	1.964305	1.870719	0.972167	0.0278328	0.6591438
4194	-391.8175	-715.429	323.6115	2.029254	2.998131	0.807469	0.192531	1.009634
4200	-396.9414	-721.0129	324.0715	2.24639	2.240271	0.919636	0.0803644	0.4914284
4206	-404.1374	-727.1258	322.9884	2.223764	5.219149	0.9489	0.0510999	0.4914284
4212	-397.0102	-720.3238	323.3136	2.321609	3.836206	0.907012	0.0929878	0.5128511
4218	-403.4587	-726.7145	323.2557	1.889389	3.461166	0.859576	0.140424	1.28538
4224	-404.4041	-728.2134	323.8093	1.708561	2.747002	0.816689	0.183311	1.221641
4230	-408.4434	-731.1602	322.7167	1.868609	5.677826	0.870414	0.129586	1.184981
4236	-399.6699	-723.9075	324.2377	1.519259	1.138528	0.542999	0.457001	1.7987
4242	-394.8004	-718.7752	323.9749	1.754719	3.165053	0.91676	0.08324	0.8363604
4248	-408.2079	-731.2768	323.0689	1.822525	4.099711	0.854788	0.145212	1.308362
4254	-402.9867	-727.4673	324.4806	1.713196	1.374181	0.914979	0.0850214	1.330034
4260	-399.2739	-723.6843	324.4104	1.58782	1.189454	0.821504	0.178496	1.595343
4266	-391.412	-715.8092	324.3971	1.933917	0.962395	0.83711	0.16289	1.508742
4272	-392.3827	-716.3403	323.9576	1.669207	1.855758	0.909022	0.090978	1.508742
4278	-392.9523	-717.5584	324.6061	1.776834	0.9129107	0.748777	0.251223	1.508742
4284	-384.499	-708.7162	324.2172	1.789164	1.319119	0.884479	0.115521	1.508742
4290	-390.5904	-715.3364	324.7459	1.678388	0.9484852	0.887982	0.112018	1.449145
4296	-377.7548	-702.0479	324.2931	1.877746	1.576751	0.806428	0.193572	1.224917
4302	-393.0306	-717.4004	324.3698	2.050143	1.889216	0.8189	0.1811	0.757044
4308	-395.6837	-720.2203	324.5366	2.269529	1.463296	0.935412	0.0645878	0.4781296
4314	-404.0891	-728.56	324.4709	2.154042	1.520184	0.824957	0.175043	0.8134752
4320	-405.396	-730.5028	325.1069	1.798125	0.7042995	0.928002	0.0719975	1.293219
4326	-412.7661	-737.2126	324.4465	1.874339	1.561949	0.860589	0.139411	1.102589
4332	-398.3347	-721.3527	323.018	1.706893	5.494951	0.897425	0.102575	1.102589
4338	-410.3974	-734.4235	324.0261	1.794812	2.226766	0.853725	0.146275	1.182625
4344	-422.5746	-746.7623	324.1877	1.877118	2.068238	0.889018	0.110982	1.040759
4350	-414.6585	-738.6361	323.9776	1.875312	2.466458	0.789148	0.210852	1.040759
4356	-406.3459	-729.9639	323.618	1.295587	1.50315	0.891547	0.108453	2.164746
4362	-415.704	-739.6311	323.9271	1.740805	1.305905	0.849713	0.150287	1.760505
4368	-394.8572	-719.2284	324.3712	1.732828	1.616523	0.904982	0.0950176	1.25754
4374	-399.2724	-723.375	324.1026	1.849457	1.89005	0.938987	0.0610133	1.235753
4380	-388.2173	-712.5061	324.2889	1.539737	1.205948	0.840081	0.159919	1.706701
4386	-392.7912	-717.0052	324.2141	1.977106	1.86979	0.826519	0.173481	1.032623
4392	-409.2507	-734.4141	325.1634	2.087514	0.6702831	0.610403	0.389597	1.027845
4398	-415.1991	-739.9082	324.7091	2.124947	1.395028	0.889547	0.110453	0.6206051
4404	-410.2113	-733.1855	322.9741	2.478142	3.746486	0.93482	0.0651798	0.9028897
4410	-405.6677	-730.1335	324.4658	1.696412	1.436951	0.641258	0.358742	1.316433
4416	-404.7814	-728.0576	323.2762	1.785932	2.908641	0.891112	0.108888	1.524128
4422	-406.6225	-730.6412	324.0187	2.033593	2.518105	0.673795	0.326205	0.7913225
4428	-394.4154	-717.4887	323.0732	1.953784	4.029743	0.796453	0.203547	1.215276
4434	-396.4377	-719.5266	323.0889	1.818468	5.267643	0.918992	0.0810079	0.9849362
4440	-393.4295	-716.3906	322.9611	1.946256	5.267643	0.932948	0.0670516	0.9849362
4446	-402.2913	-725.945	323.6536	1.961844	2.495784	0.802718	0.197282	1.239638
4452	-425.8186	-748.5684	322.7498	1.612383	4.123964	0.92735	0.0726499	1.699852
4458	-413.164	-737.8197	324.6558	1.860192	1.469768	0.727639	0.272361	0.979305
4464	-425.7937	-750.1685	324.3748	1.494734	1.090552	0.785287	0.214713	1.751116
4470	-401.6774	-725.9328	324.2554	1.558945	1.150607	0.965676	0.0343243	1.751116
4476	-401.3379	-724.8612	323.5232	1.338479	2.654534	0.969883	0.0301172	1.751116
4482	-394.4273	-718.4496	324.0223	1.338479	1.306997	0.883435	0.116565	1.969751
4488	-398.1335	-721.8264	323.6929	1.483313	1.847589	0.872286	0.127714	1.834254
4494	-407.3871	-730.8312	323.4441	1.626385	3.428885	0.707964	0.292036	1.3553
4500	-399.6268	-724.4561	324.8293	1.756189	1.20096	0.961528	0.0384724	1.119685
4506	-400.7911	-725.9816	325.1905	1.924693	0.6878502	0.714131	0.285869	1.132564
4512	-399.0128	-724.3293	325.3165	1.713575	0.7050499	0.897911	0.102089	1.187557
4518	-401.9525	-727.6328	325.6803	1.683687	0.3880652	0.66654	0.33346	1.3259
4524	-410.1855	-735.672	325.4865	1.975358	0.6713164	0.670328	0.329672	0.790322
4530	-422.5216	-746.6109	324.0893	1.500477	1.206162	0.616318	0.383682	1.872372
4536	-399.6128	-723.3005	323.6878	1.393892	1.150716	0.854862	0.145138	2.240684
4542	-403.1694	-728.2273	325.0579	1.484407	0.3618759	0.88598	0.11402	1.957993
4548	-392.5737	-717.0287	324.455	1.651279	0.8387824	0.908749	0.0912506	1.767035
4554	-407.787	-730.8037	323.0166	1.52358	1.95519	0.762275	0.237725	2.213364
4560	-410.2159	-734.7885	324.5726	1.826063	1.239015	0.891506	0.108494	1.252959
4566	-411.1163	-735.9895	324.8732	1.57822	1.364617	0.831663	0.168337	1.118239
4572	-407.7725	-732.5121	324.7397	1.849834	0.8699078	0.792665	0.207335	1.386767
4578	-408.2923	-732.2175	323.9252	1.77024	1.309706	0.872067	0.127933	1.739079
4584	-415.8961	-740.775	324.8789	2.077609	1.033421	0.770483	0.229517	0.9047929
4590	-403.8094	-727.1409	323.3315	1.782055	4.26007	0.815073	0.184927	1.071294
4596	-398.6371	-722.9426	324.3055	1.589325	1.969769	0.841214	0.158786	1.243396
4602	-392.7717	-717.4274	324.6557	1.605953	1.190833	0.821019	0.178981	1.396491
4608	-399.2747	-721.8302	322.5555	1.663062	2.591156	0.587084	0.412916	2.202321
4614	-400.0297	-724.0084	323.9787	1.435956	1.497019	0.771651	0.228349	1.833424
4620	-394.607	-717.9609	323.3539	1.466965	2.025869	0.95455	0.0454504	2.002074
4626	-417.6934	-741.373	323.6795	1.295223	1.774096	0.677079	0.322921	2.002074
4632	-406.222	-729.7546	323.5326	1.829499	1.368239	0.901236	0.0987638	1.935847
4638	-415.5109	-739.3419	323.831	1.328743	1.937586	0.726743	0.273257	1.80764
4644	-410.7276	-735.0442	324.3166	1.658554	1.045182	0.847362	0.152638	1.707153
4650	-409.6561	-733.5704	323.9143	1.849615	3.119402	0.933092	0.0669076	0.8165493
4656	-402.5954	-726.873	324.2776	2.150024	1.977537	0.953296	0.0467039	0.6515055
4662	-413.3269	-737.7655	324.4385	1.789136	1.977537	0.812525	0.187475	0.9288077
4668	-412.3328	-736.6754	324.3426	1.856323	1.940298	0.769506	0.230494	0.9822548
4674	-387.711	-712.0961	324.385	1.820686	1.761641	0.707115	0.292885	1.083755
4680	-391.2917	-715.1321	323.8403	1.742701	2.908759	0.899084	0.100916	1.101051
4686	-400.2296	-724.905	324.6754	1.571893	0.6897113	0.86082	0.13918	1.795729
4692	-390.0079	-714.2408	324.2329	2.108264	2.114911	0.759069	0.240931	0.6667193
4698	-394.07	-718.928	324.858	2.23151	1.040638	0.689381	0.310619	0.7217714
4704	-384.2229	-708.1485	323.9256	2.041528	2.866483	0.910471	0.0895288	0.6695518
4710	-393.3064	-717.2402	323.9338	1.968038	2.373246	0.96512	0.0348805	1.038912
4716	-384.1332	-707.9185	323.7853	1.892293	3.177532	0.913257	0.086743	0.8920509
4722	-397.3841	-721.4893	324.1052	2.452401	1.824375	0.829021	0.170979	0.4696838
4728	-381.4226	-706.1602	324.7375	2.079818	1.307461	0.90132	0.0986797	0.7747023
4734	-396.1506	-718.1935	322.0429	2.452552	8.479833	0.950045	0.0499545	0.5283932
4740	-381.207	-705.424	324.2169	1.904195	2.314833	0.972446	0.0275538	0.8353198
4746	-395.9467	-719.2717	323.325	1.885379	3.554768	0.855121	0.144879	1.201456
4752	-401.0115	-725.5125	324.501	1.798888	1.653014	0.861315	0.138685	1.063168
4758	-411.4311	-734.9795	323.5483	1.686669	2.09769	0.89367	0.10633	1.689575
4764	-410.461	-733.792	323.3309	1.572769	2.104008	0.860626	0.139374	1.916423
4770	-410.958	-735.7859	324.8278	1.625348	0.9913364	0.806632	0.193368	1.393075
4776	-393.8226	-718.3157	324.4931	1.747105	1.260768	0.88356	0.11644	1.366284
4782	-399.9458	-724.2723	324.3265	1.589964	1.610998	0.735873	0.264127	1.410772
4788	-395.607	-718.3384	322.7314	1.597524	2.176526	0.732421	0.267579	2.267849
4794	-392.5844	-717.7931	325.2087	1.561673	0.8145107	0.877212	0.122788	1.292654
4800	-394.7378	-718.5081	323.7703	1.498941	1.722873	0.630919	0.369081	1.825303
4806	-400.2688	-724.9755	324.7067	1.543817	1.149761	0.542708	0.457292	1.433295
4812	-395.8686	-718.924	323.0554	1.614098	3.06538	0.942445	0.0575547	1.758523
4818	-409.3523	-733.1402	323.7879	1.783708	3.020844	0.457259	0.542741	1.067043
4824	-396.807	-720.7339	323.9269	1.597584	2.12452	0.850263	0.149737	1.466471
4830	-396.4236	-721.1182	324.6945	1.762175	1.475193	0.948233	0.0517669	1.034138
4836	-402.299	-726.5844	324.2854	1.756869	1.436252	0.566237	0.433763	1.41158
4842	-405.1115	-727.863	322.7515	1.37333	0.804792	0.890003	0.109997	3.050392
4848	-396.6435	-718.5894	321.946	1.246248	2.444703	0.839676	0.160324	2.886584
4854	-392.7883	-717.4771	324.6887	1.538057	0.852415	0.920324	0.0796763	1.671172
4860	-400.7193	-725.6059	324.8866	1.799835	0.9349933	0.768298	0.231702	1.252019
4866	-397.9034	-722.0504	324.147	1.670288	2.085577	0.839861	0.160139	1.252019
4872	-398.2642	-721.3121	323.0479	1.803384	4.003859	0.7505	0.2495	1.365881
4878	-396.6181	-720.4502	323.8321	1.803384	2.641739	0.81857	0.18143	1.162313
4884	-400.9992	-725.0896	324.0904	1.722285	2.641739	0.925195	0.0748049	0.9969923
4890	-407.8116	-731.7633	323.9517	1.643076	1.794297	0.77928	0.22072	1.561266
4896	-415.6456	-740.2551	324.6095	1.573037	1.284369	0.85218	0.14782	1.396061
4902	-413.3923	-736.8009	323.4085	1.46262	3.965775	0.954216	0.0457839	1.360382
4908	-404.8383	-729.0778	324.2395	1.793561	1.131467	0.735655	0.264345	1.607713
4914	-394.1593	-718.0988	323.9395	1.53683	1.881701	0.841544	0.158456	1.607713
4920	-396.5154	-718.3747	321.8592	1.813319	8.73378	0.851699	0.148301	1.406773
4926	-413.1495	-735.1686	322.0191	1.987673	10.33342	0.54743	0.45257	0.8652389
4932	-403.6231	-727.5125	323.8895	1.873339	2.717173	0.951604	0.048396	1.011723
4938	-403.1092	-727.3337	324.2244	1.572653	1.429246	0.970488	0.0295125	1.599227
4944	-398.6236	-723.4369	324.8134	2.279271	1.099296	0.800103	0.199897	0.5995933
4950	-405.3258	-728.4765	323.1507	2.202929	4.396357	0.725842	0.274158	0.7543969
4956	-400.5502	-723.7575	323.2073	2.335556	4.016867	0.894696	0.105304	0.6348954
4962	-405.1353	-728.1594	323.0241	2.263583	4.684925	0.887382	0.112618	0.7207879
4968	-395.8571	-721.1654	325.3083	1.905095	0.9192657	0.825291	0.174709	0.7207879
4974	-407.8066	-730.871	323.0644	1.539401	3.684566	0.94721	0.0527904	1.635123
4980	-402.6753	-727.3503	324.6749	1.893973	1.417755	0.941403	0.0585965	0.9652976
4986	-412.52	-737.8864	325.3664	2.143476	0.6882989	0.90248	0.0975204	0.6792829
4992	-405.2664	-730.4735	325.2072	2.143476	0.6882989	0.96999	0.0300096	0.8990776
4998	-401.7625	-726.4724	324.7098	1.890855	1.378413	0.831786	0.168214	0.9639435
5004	-408.0202	-733.9188	325.8986	2.118537	0.298698	0.940577	0.0594234	0.9027379
5010	-406.4673	-729.5873	323.12	1.555978	3.326435	0.818654	0.181346	1.679626
5016	-406.7567	-731.9814	325.2246	1.540537	0.5665894	0.831696	0.168304	1.549982
5022	-397.585	-722.0318	324.4468	1.840244	1.4204	0.86884	0.13116	1.223877
5028	-396.9644	-721.9191	324.9547	1.860331	1.222784	0.91261	0.0873901	0.8683423
5034	-387.5004	-712.2604	324.76	1.788059	1.017318	0.814391	0.185609	1.296933
5040	-389.6426	-712.8938	323.2513	1.842296	3.56188	0.970945	0.0290546	1.296678
5046	-398.4671	-723.1725	324.7055	1.934537	1.288614	0.922564	0.0774359	0.9974899
5052	-401.0063	-725.5607	324.5544	1.926355	0.99914	0.906761	0.0932386	1.365324
5058	-416.6617	-741.7731	325.1114	1.901566	0.8859206	0.840152	0.159848	1.005399
5064	-403.3557	-728.3944	325.0387	1.905294	0.8346025	0.914094	0.085906	1.124666
5070	-390.0451	-715.0842	325.0391	1.713599	0.8346025	0.71134	0.28866	1.288148
5076	-413.1928	-737.5777	324.3849	1.935986	1.222446	0.854157	0.145843	1.32799
5082	-404.4056	-727.9686	323.563	1.776289	2.596513	0.859998	0.140002	1.421909
5088	-410.2042	-731.8744	321.6702	1.881712	11.45884	0.833007	0.166993	1.154169
5094	-412.3013	-736.2058	323.9045	1.81332	2.12069	0.814253	0.185747	1.317208
5100	-412.5708	-736.0234	323.4526	2.080566	2.599495	0.827867	0.172133	1.266353
5106	-411.7634	-735.6917	323.9283	2.184506	2.503119	0.870624	0.129376	0.7116848
5112	-391.5167	-715.7206	324.2039	2.272254	1.857961	0.988004	0.0119957	0.697908
5118	-398.3811	-723.8505	325.4693	1.972497	0.3985511	0.81901	0.18099	1.245462
5124	-392.8694	-717.9584	325.089	1.876791	0.737652	0.925733	0.0742668	1.207147
5130	-393.9608	-718.8922	324.9314	1.67661	0.737652	0.93585	0.0641498	1.491949
5136	-409.2236	-732.3204	323.0968	1.523885	4.425667	0.854616	0.145384	1.439323
5142	-377.3668	-701.3057	323.939	1.613162	2.137829	0.74231	0.25769	1.439758
5148	-380.0206	-704.2057	324.1851	1.542954	1.683211	0.732786	0.267214	1.516408
5154	-394.9304	-719.2924	324.362	1.583558	1.485806	0.698419	0.301581	1.457281
5160	-383.1536	-708.1072	324.9536	1.62832	0.7966824	0.963273	0.0367272	1.457281
5166	-388.2179	-713.7126	325.4947	1.611394	0.5629735	0.981754	0.0182464	1.29076
5172	-406.2841	-729.7095	323.4254	1.549604	1.999929	0.898009	0.101991	1.908708
5178	-399.0269	-723.635	324.6081	1.857344	1.226648	0.913075	0.086925	1.205557
5184	-389.8286	-713.6952	323.8666	1.786365	2.345338	0.928823	0.0711772	1.271542
5190	-388.9808	-713.6049	324.6241	1.810155	1.183647	0.844586	0.155414	1.263181
5196	-394.458	-719.0326	324.5746	1.69572	1.199171	0.948606	0.0513936	1.384025
5202	-402.0158	-726.4517	324.4359	1.690336	1.225716	0.883923	0.116077	1.477133
5208	-413.2202	-736.4172	323.197	1.91711	2.933122	0.71698	0.28302	1.477133
5214	-415.3437	-739.58	324.2363	2.061581	2.072585	0.896241	0.103759	0.7765705
5220	-395.2249	-719.6144	324.3895	2.340844	1.561338	0.889863	0.110137	0.55287
5226	-394.6534	-719.3089	324.6555	2.014696	1.568634	0.83989	0.16011	0.6942081
5232	-390.9117	-715.7756	324.8639	1.910375	0.9936205	0.876499	0.123501	1.124146
5238	-393.7677	-717.906	324.1383	1.68959	1.077929	0.647411	0.352589	1.788414
5244	-389.6005	-714.1812	324.5807	1.567091	1.073452	0.943116	0.056884	1.563295
5250	-398.9503	-724.1368	325.1864	1.732153	0.7386253	0.763318	0.236682	1.245977
5256	-408.1582	-732.4893	324.3311	1.654732	1.804106	0.747749	0.252251	1.252344
5262	-400.8853	-725.227	324.3416	1.666076	1.804106	0.911456	0.0885442	1.234078
5268	-410.8527	-735.3215	324.4688	1.985609	1.804106	0.723786	0.276214	0.7836549
5274	-426.9144	-751.3442	324.4298	2.01637	1.823947	0.878945	0.121055	0.7776721
5280	-409.0904	-734.2545	325.1642	2.01637	0.9417772	0.805359	0.194641	0.7353415
5286	-398.3299	-722.4699	324.1401	1.951716	2.359232	0.811927	0.188073	0.843123
5292	-400.4565	-725.449	324.9925	2.026707	0.9738701	0.660188	0.339812	0.9010245
5298	-407.5488	-732.5659	325.0171	1.920105	1.056786	0.888628	0.111372	0.9010245
5304	-414.67	-739.4026	324.7327	1.864381	1.459244	0.944794	0.0552058	0.9010245
5310	-419.7565	-744.7087	324.9523	1.613349	1.328691	0.899639	0.100361	1.038488
5316	-401.7069	-727.136	325.4291	1.764378	0.7055639	0.973433	0.0265668	1.038488
5322	-419.0965	-742.7686	323.672	1.753023	2.810102	0.89683	0.10317	1.275277
5328	-416.7407	-740.0503	323.3096	1.707712	4.31201	0.964448	0.0355516	1.144001
5334	-421.9143	-746.1406	324.2263	1.627109	2.009466	0.908201	0.0917989	1.258382
5340	-412.6192	-737.2132	324.5941	1.62177	1.417849	0.980048	0.0199521	1.284705
5346	-400.7792	-725.6058	324.8266	1.880494	0.9416244	0.85513	0.14487	1.228946
5352	-414.5785	-740.2251	325.6466	1.81019	0.5236516	0.950229	0.0497714	1.036275
5358	-397.0906	-723.2405	326.1499	1.923439	0.3066118	0.678148	0.321852	0.8132416
5364	-401.3406	-725.9415	324.6009	1.928107	1.694979	0.895713	0.104287	0.7788688
5370	-399.3003	-723.3438	324.0435	1.973103	1.997753	0.90709	0.0929103	1.12357
5376	-406.4653	-729.5834	323.1181	1.989415	4.552236	0.697078	0.302922	0.9887484
5382	-396.7586	-721.686	324.9274	1.799623	1.29172	0.942827	0.0571732	0.9028186
5388	-400.6433	-726.828	326.1847	1.851304	0.2052396	0.756451	0.243549	1.125861
5394	-410.708	-736.2098	325.5019	1.789789	0.5679495	0.723238	0.276762	1.125861
5400	-389.664	-715.3013	325.6373	1.769818	0.6139428	0.895327	0.104673	0.9486965
5406	-404.0307	-728.8528	324.8221	1.558863	1.086383	0.656461	0.343539	1.377255
5412	-416.6415	-742.4669	325.8253	2.067654	0.3454883	0.950267	0.0497327	0.9247265
5418	-414.3698	-739.192	324.8222	2.094493	0.929359	0.722749	0.277251	1.053592
5424	-414.1436	-738.3154	324.1718	2.065011	2.152332	0.675837	0.324163	0.7988858
5430	-395.0261	-719.2793	324.2532	2.14045	2.053518	0.762133	0.237867	0.6280358
5436	-391.0866	-715.1591	324.0725	2.116368	2.346078	0.885554	0.114446	0.7169295
5442	-392.4735	-717.1569	324.6834	1.957453	1.526988	0.772652	0.227348	0.7857164
5448	-400.7131	-725.5706	324.8575	1.696361	1.03781	0.663729	0.336271	1.275738
5454	-407.4674	-732.3494	324.882	1.533758	1.03781	0.940751	0.0592494	1.386365
5460	-426.1721	-752.4535	326.2814	1.643923	0.2143633	0.584964	0.415036	1.199791
5466	-412.3947	-738.8401	326.4454	1.711213	0.1422102	0.920618	0.0793825	1.199791
5472	-397.5058	-722.9467	325.4409	1.961352	0.4527611	0.827841	0.172159	1.194075
5478	-389.2946	-715.493	326.1984	1.923236	0.2525689	0.719096	0.280904	0.912779
5484	-392.2416	-716.6324	324.3909	1.789292	1.447863	0.802793	0.197207	1.29521
5490	-391.5051	-716.8753	325.3703	1.655048	0.6539882	0.929262	0.0707384	1.249207
5496	-404.504	-729.6747	325.1707	1.652918	0.8619362	0.657058	0.342942	1.203102
5502	-405.2353	-730.8096	325.5742	1.992658	0.6173681	0.568572	0.431428	0.7466182
5508	-394.8243	-719.8589	325.0345	1.705211	1.13202	0.780129	0.219871	1.032912
5514	-402.6109	-725.8733	323.2623	1.356985	1.949136	0.690246	0.309754	2.16444
5520	-401.6232	-725.0146	323.3914	1.444378	0.9357102	0.856852	0.143148	2.52843
5526	-413.9467	-736.5943	322.6476	1.051464	2.60246	0.885453	0.114547	2.52843
5532	-411.171	-733.9544	322.7835	1.527629	1.961169	0.814145	0.185855	2.357741
5538	-420.8375	-743.5941	322.7566	1.238001	1.318274	0.627578	0.372422	2.829338
5544	-401.413	-725.9668	324.5537	1.860955	1.58296	0.967117	0.032883	0.9987467
5550	-392.186	-716.9479	324.7619	1.697304	1.38751	0.823726	0.176274	1.094753
5556	-407.2732	-731.3462	324.0731	1.845858	2.924715	0.787892	0.212108	0.7108724
5562	-401.5096	-724.3591	322.8495	2.35846	4.981905	0.901798	0.0982021	0.7108724
5568	-384.6824	-708.6307	323.9483	1.750506	2.296591	0.842432	0.157568	1.254665
5574	-404.6371	-729.3575	324.7203	1.537775	1.418047	0.789289	0.210711	1.24968
5580	-394.7887	-719.1857	324.397	1.73642	1.476801	0.885182	0.114818	1.315497
5586	-402.6734	-727.2895	324.6161	1.684664	1.264522	0.906342	0.0936576	1.315497
5592	-398.9537	-722.6819	323.7282	1.46362	2.109253	0.874927	0.125073	1.715528
5598	-397.534	-721.9084	324.3743	1.445364	1.664903	0.5977	0.4023	1.45665
5604	-385.7455	-710.4578	324.7123	1.939177	1.515379	0.840972	0.159028	0.7826112
5610	-384.2294	-709.2753	325.0459	1.6536	0.8810477	0.957771	0.0422289	1.289093
5616	-399.4922	-723.1023	323.61	1.437409	2.240252	0.679364	0.320636	1.766331
5622	-398.5575	-722.1731	323.6156	1.431796	2.240252	0.93115	0.0688497	1.766331
5628	-401.9802	-726.628	324.6478	1.408996	1.0735	0.693368	0.306632	1.629523
5634	-396.2874	-720.2956	324.0082	1.524434	1.490455	0.859402	0.140598	1.754968
5640	-391.0782	-714.479	323.4008	1.681237	2.806921	0.929486	0.0705142	1.54269
5646	-398.9746	-722.1842	323.2096	1.801498	2.968785	0.765933	0.234067	1.54269
5652	-390.2769	-714.7304	324.4535	1.838624	1.673085	0.695499	0.304501	1.057577
5658	-390.5883	-715.2215	324.6332	1.772106	1.593231	0.901948	0.098052	1.000901
5664	-385.8396	-710.6744	324.8349	1.899649	1.280703	0.795654	0.204346	0.9046557
5670	-402.6701	-725.2001	322.53	1.806168	6.076285	0.894357	0.105643	1.31126
5676	-396.1304	-718.9792	322.8488	2.093957	5.289273	0.757433	0.242567	0.9420936
5682	-402.3499	-725.9009	323.551	1.92925	3.596694	0.92565	0.0743495	0.9315789
5688	-397.0091	-719.2945	322.2855	2.184457	8.399436	0.824535	0.175465	0.6587089
5694	-418.2939	-742.4456	324.1516	1.9852	2.565547	0.770286	0.229714	0.5948405
5700	-407.0593	-731.3324	324.273	2.361971	1.699641	0.873401	0.126599	0.4499089
5706	-407.7279	-730.1762	322.4483	2.424505	6.558712	0.887363	0.112637	0.4318946
5712	-405.0387	-729.2363	324.1976	1.948422	1.859401	0.866725	0.133275	1.08155
5718	-418.3885	-741.3895	323.001	2.238569	3.787332	0.402135	0.597865	1.101382
5724	-407.1654	-732.9286	325.7632	2.181886	0.4218898	0.949181	0.0508187	0.6345341
5730	-393.5005	-718.6213	325.1208	1.902496	0.9509115	0.91497	0.0850298	0.9226633
5736	-409.2994	-732.6994	323.3999	1.863069	2.156229	0.805916	0.194084	1.646204
5742	-422.0182	-746.5302	324.5121	2.034519	1.377928	0.896389	0.103611	1.018912
5748	-413.1614	-737.0819	323.9206	1.970877	2.434273	0.759623	0.240377	1.018912
5754	-423.0198	-747.4088	324.389	1.868163	1.506445	0.586565	0.413435	1.194467
5760	-418.8854	-741.6739	322.7885	1.697663	3.851575	0.988641	0.0113591	1.677128
5766	-408.255	-730.907	322.6519	1.939703	6.180833	0.967513	0.0324867	1.069053
5772	-411.5025	-734.7471	323.2446	1.779486	4.556449	0.857624	0.142376	1.068716
5778	-419.4216	-742.3723	322.9507	1.923272	3.92588	0.720617	0.279383	1.368874
5784	-413.1798	-736.3577	323.1779	1.42669	1.986019	0.908305	0.0916947	2.159787
5790	-400.651	-723.2944	322.6434	1.51012	5.044761	0.746412	0.253588	1.650472
5796	-403.3086	-727.8865	324.5779	1.644353	1.325269	0.89751	0.10249	1.338421
5802	-411.3799	-735.954	324.5741	1.644353	1.329968	0.786218	0.213782	1.338421
5808	-417.5194	-741.9443	324.4249	1.719556	1.329968	0.829358	0.170642	1.396767
5814	-411.6383	-736.5422	324.9039	1.713177	1.019683	0.927701	0.0722991	1.23803
5820	-411.4016	-735.54	324.1383	2.134233	2.154839	0.963513	0.0364865	0.7461976
5826	-414.4677	-738.6815	324.2138	1.957048	1.961968	0.921608	0.0783921	0.9975702
5832	-421.6433	-745.8902	324.2469	1.7038	2.248979	0.565039	0.434961	1.054382
5838	-395.5027	-719.6984	324.1957	1.747718	1.229125	0.699374	0.300626	1.610252
5844	-418.5728	-743.5359	324.9631	1.703948	0.8127113	0.952924	0.047076	1.377005
5850	-414.7365	-738.288	323.5515	1.743163	1.235303	0.822599	0.177401	2.053582
5856	-406.4196	-731.4858	325.0662	2.15217	0.7523589	0.894136	0.105864	0.954069
5862	-412.5058	-733.9194	321.4137	1.903651	14.35379	0.921844	0.078156	1.030212
5868	-402.4756	-723.8528	321.3772	1.931395	11.17691	0.86868	0.13132	1.388123
5874	-395.2407	-716.8474	321.6067	1.846275	8.034831	0.659293	0.340707	1.664572
5880	-387.1208	-712.3157	325.1949	1.625302	1.014136	0.78179	0.21821	1.062949
5886	-401.8305	-727.0259	325.1954	1.697983	0.9357981	0.868997	0.131003	1.069228
5892	-407.5681	-732.2445	324.6764	1.694557	1.334385	0.847772	0.152228	1.209899
5898	-392.4596	-719.1151	326.6555	2.075047	0.1114522	0.822025	0.177975	0.7072714
5904	-400.3849	-724.868	324.4832	2.075047	1.606291	0.909302	0.0906976	0.8205306
5910	-390.7925	-715.8094	325.0169	1.994644	1.049599	0.82238	0.17762	0.8205306
5916	-390.1962	-714.7241	324.528	1.999241	1.630194	0.861484	0.138516	0.8387408
5922	-395.9599	-722.0204	326.0605	2.117013	0.2975603	0.912163	0.0878366	0.6882161
5928	-389.496	-715.3065	325.8105	2.092846	0.3818895	0.929831	0.0701692	0.8252862
5934	-398.4366	-724.007	325.5704	1.859038	0.56197	0.848986	0.151014	1.00441
5940	-405.3204	-730.1002	324.7798	1.948096	1.278812	0.826496	0.173504	0.9137654
5946	-397.484	-722.8811	325.3971	1.952874	0.7295551	0.884766	0.115234	0.8371685
5952	-400.1101	-725.3042	325.1941	1.775528	0.6713061	0.664165	0.335835	1.275904
5958	-403.8583	-728.6371	324.7788	2.030286	1.160195	0.543656	0.456344	0.9365705
5964	-393.6112	-719.214	325.6028	1.995096	0.4223096	0.708384	0.291616	1.068145
5970	-388.4852	-714.3234	325.8381	1.812032	0.4424051	0.7942	0.2058	0.981148
5976	-397.9533	-722.2845	324.3312	2.336906	1.556866	0.993518	0.00648219	0.7123013
5982	-390.5018	-715.0841	324.5823	2.334067	1.303192	0.795168	0.204832	0.5949062
5988	-389.5468	-714.8125	325.2657	2.143171	0.771134	0.898747	0.101253	0.6723217
5994	-397.7033	-722.4362	324.7329	1.948326	1.088997	0.891042	0.108958	1.12455
6000	-385.0015	-709.9454	324.9439	1.667869	0.9552613	0.771471	0.228529	1.296141
6006	-387.7935	-711.5205	323.727	1.530203	2.397394	0.765553	0.234447	1.557555
6012	-390.2708	-715.2643	324.9935	1.893113	0.6720423	0.88718	0.11282	1.342275
6018	-397.6631	-721.5835	323.9204	1.880845	1.614503	0.698508	0.301492	1.496711
6024	-387.0812	-711.6131	324.5319	2.00564	1.529162	0.978173	0.0218274	0.9099692
6030	-390.7742	-714.2695	323.4952	2.034906	3.210328	0.856192	0.143808	1.032044
6036	-407.5481	-730.8942	323.3461	2.204674	3.210328	0.791468	0.208532	1.0118
6042	-418.5427	-742.8749	324.3322	2.049754	1.773567	0.927047	0.0729526	0.897451
6048	-401.8197	-725.8243	324.0047	1.987843	1.951976	0.974851	0.0251486	1.168992
6054	-399.8945	-723.348	323.4535	2.240272	3.191111	0.92851	0.0714902	0.8669009
6060	-398.8841	-721.5138	322.6297	1.876839	7.467968	0.883623	0.116377	0.8669009
6066	-400.5738	-723.6906	323.1168	1.977919	4.658256	0.803925	0.196075	0.9693427
6072	-398.7747	-722.2039	323.4292	1.819471	4.047978	0.949998	0.0500017	1.007855
6078	-400.2798	-722.9234	322.6436	1.819471	6.886866	0.902322	0.0976784	1.040158
6084	-398.4581	-721.0629	322.6048	1.858318	6.886866	0.838845	0.161155	1.040158
6090	-389.6687	-714.4229	324.7542	1.712277	1.784644	0.820642	0.179358	0.784217
6096	-401.5764	-724.934	323.3576	2.166536	4.09139	0.941152	0.0588478	0.619743
6102	-400.6271	-723.926	323.2989	2.236435	4.09139	0.93492	0.0650804	0.5871849
6108	-400.7674	-724.1832	323.4157	1.804837	4.09139	0.756187	0.243813	1.021307
6114	-408.8371	-730.8243	321.9872	1.87266	10.3371	0.947967	0.052033	1.021307
6120	-405.2962	-729.3786	324.0824	1.87266	2.305411	0.7874	0.2126	1.021307
6126	-407.4775	-731.4511	323.9735	2.034732	2.002103	0.825491	0.174509	1.12875
6132	-386.8257	-712.027	325.2014	1.596649	0.8058432	0.812626	0.187374	1.278366
6138	-394.0208	-718.2102	324.1893	1.876188	2.202994	0.773266	0.226734	0.9651709
6144	-388.7645	-712.6278	323.8633	1.757204	2.150625	0.902071	0.0979295	1.381254
6150	-387.7965	-713.6358	325.8393	1.550336	0.3478126	0.737964	0.262036	1.370749
6156	-389.3652	-715.04	325.6749	1.935571	0.3364057	0.610748	0.389252	1.210318
6162	-403.8459	-728.1965	324.3506	2.154692	1.838806	0.778012	0.221988	0.6656808
6168	-396.2895	-721.5727	325.2831	2.167308	0.7486697	0.868145	0.131855	0.6431141
6174	-416.0345	-741.9559	325.9214	1.867273	0.46184	0.873619	0.126381	0.7798299
6180	-400.9626	-725.9049	324.9423	2.075084	0.9715411	0.962127	0.0378727	0.9057291
6186	-396.4547	-720.9664	324.5118	1.741243	1.668173	0.932724	0.0672758	1.097206
6192	-416.8361	-742.3656	325.5295	1.894701	0.6382682	0.768179	0.231821	0.8925192
6198	-411.1406	-735.9866	324.8459	2.374595	0.9641261	0.913778	0.0862218	0.6117504
6204	-399.5214	-722.3725	322.8511	1.822312	3.394441	0.943192	0.0568078	1.662595
6210	-421.743	-747.0459	325.3029	2.425549	0.5531764	0.687169	0.312831	0.3948406
6216	-422.0399	-747.7497	325.7098	2.480574	0.3157107	0.972775	0.0272252	0.5354697
6222	-404.8217	-730.3771	325.5554	2.038419	0.6472278	0.969782	0.0302181	0.6163483
6228	-400.9805	-726.0604	325.0798	1.889174	0.6669638	0.864308	0.135692	1.281205
6234	-384.7183	-709.2421	324.5238	1.996966	1.512834	0.847066	0.152934	0.9411537
6240	-401.126	-726.4179	325.2919	2.075699	0.6163908	0.717542	0.282458	0.986031
6246	-406.4371	-731.3099	324.8728	1.886209	0.5758824	0.849545	0.150455	1.544205
6252	-390.1996	-715.1233	324.9237	2.033401	0.9225651	0.790691	0.209309	1.021524
6258	-399.1178	-723.618	324.5002	2.163608	1.176914	0.685747	0.314253	1.066951
6264	-398.6953	-723.7835	325.0882	2.136638	0.9331306	0.650294	0.349706	0.6747684
6270	-405.4015	-730.103	324.7015	2.26043	1.264931	0.687401	0.312599	0.468317
6276	-401.1086	-726.476	325.3674	1.769716	0.9946306	0.686285	0.313715	0.7181016
6282	-398.6046	-723.0589	324.4543	1.938348	1.841089	0.927103	0.0728966	0.8339622
6288	-400.3875	-725.5417	325.1542	2.235808	0.7932403	0.97214	0.0278603	0.6568901
6294	-394.3271	-719.0444	324.7173	2.252894	1.22856	0.876338	0.123662	0.6192419
6300	-396.4713	-721.4839	325.0126	2.144125	1.019529	0.761339	0.238661	0.6324
6306	-391.6743	-716.8812	325.207	2.20977	0.7446621	0.96909	0.03091	0.716414
6312	-403.6254	-726.8632	323.2378	2.204613	4.193247	0.985297	0.0147028	0.716414
6318	-407.8624	-731.7069	323.8445	2.318083	2.397852	0.840216	0.159784	0.716414
6324	-408.2379	-732.6323	324.3944	2.258166	1.635223	0.870099	0.129901	0.3849112
6330	-387.8263	-712.6666	324.8403	2.312522	1.053661	0.955134	0.0448663	0.5165394
6336	-391.5958	-716.8301	325.2343	2.288629	0.6842614	0.866055	0.133945	0.6641614
6342	-396.8344	-721.4761	324.6417	2.318851	1.1507	0.85168	0.14832	0.7618335
6348	-399.9243	-724.2206	324.2963	2.266549	1.662437	0.922258	0.0777425	0.7618335
6354	-417.372	-742.0641	324.6921	1.830297	1.333801	0.802378	0.197622	1.07561
6360	-406.1432	-728.1422	321.999	2.416538	8.788314	0.903633	0.0963675	0.6240814
6366	-401.1572	-725.0906	323.9334	1.83816	2.477475	0.886473	0.113527	1.111587
6372	-397.5686	-721.0491	323.4804	1.838531	3.537038	0.876659	0.123341	1.111587
6378	-406.0143	-730.2363	324.222	1.813165	1.867666	0.805182	0.194818	1.176521
6384	-392.9844	-716.8613	323.8769	1.930119	2.265959	0.720383	0.279617	1.176521
6390	-381.3376	-706.1279	324.7903	1.841303	1.267767	0.598847	0.401153	1.022982
6396	-393.0206	-717.8013	324.7807	2.100574	1.267767	0.918918	0.0810816	0.7280627
6402	-403.8267	-729.5984	325.7716	2.072069	0.4397782	0.813034	0.186966	0.7571882
6408	-402.2259	-727.2011	324.9753	1.979343	1.160904	0.548983	0.451017	0.7571882
6414	-405.804	-731.6826	325.8786	1.979343	0.3157776	0.983656	0.0163436	1.027414
6420	-402.6995	-728.2708	325.5713	1.941182	0.496711	0.901174	0.0988261	1.024882
6426	-397.2882	-722.3863	325.0981	1.719873	1.018233	0.696943	0.303057	1.061179
6432	-391.2275	-716.3813	325.1538	1.855182	0.877302	0.942171	0.0578293	1.018716
6438	-394.3605	-719.4555	325.095	1.967648	0.8194891	0.924468	0.0755316	1.030169
6444	-400.0819	-724.933	324.851	1.970587	1.208909	0.863719	0.136281	0.8746906
6450	-407.1559	-730.6662	323.5104	1.551864	0.6651141	0.851498	0.148502	2.587236
6456	-404.5635	-728.9996	324.4361	1.261053	1.083195	0.934167	0.0658326	1.874903
6462	-402.2263	-727.2171	324.9908	2.021329	1.051627	0.930755	0.0692451	0.8173029
6468	-402.7994	-727.951	325.1516	1.958908	0.8433636	0.847117	0.152883	0.9542543
6474	-408.1398	-733.1135	324.9737	1.98861	0.9815537	0.739895	0.260105	0.9542543
6480	-397.6151	-722.7144	325.0994	1.952149	0.9815537	0.906057	0.0939427	0.8544201
6486	-395.4723	-719.4745	324.0022	2.166961	2.195604	0.804735	0.195265	0.8544201
6492	-407.5673	-732.1502	324.5829	2.098596	1.453369	0.802018	0.197982	0.8041175
6498	-411.3846	-734.111	322.7264	1.777433	5.827468	0.889373	0.110627	1.222701
6504	-396.8764	-719.764	322.8876	1.994107	5.827468	0.783357	0.216643	0.8547475
6510	-393.4283	-717.6436	324.2154	2.078523	2.057235	0.838123	0.161877	0.7941473
6516	-397.667	-721.9338	324.2669	1.704816	2.329672	0.715955	0.284045	0.9922557
6522	-397.8298	-722.3479	324.5181	1.672544	1.826403	0.849644	0.150356	1.059064
6528	-392.6467	-715.3635	322.7168	1.883305	4.96058	0.694595	0.305405	1.331659
6534	-390.3652	-712.8391	322.4739	1.705585	7.134408	0.950337	0.0496628	1.246051
6540	-394.86	-718.451	323.591	1.839082	2.878234	0.832239	0.167761	1.246051
6546	-388.9078	-712.871	323.9632	1.574038	1.7463	0.644914	0.355086	1.625737
6552	-392.0806	-715.9835	323.9029	1.957022	1.881047	0.849664	0.150336	1.316075
6558	-390.0534	-714.8448	324.7914	1.976426	1.284759	0.788255	0.211745	0.8624283
6564	-394.3098	-719.1407	324.8309	1.969646	1.19187	0.958103	0.0418968	0.9154188
6570	-403.9611	-729.3972	325.4361	1.697622	0.6738277	0.786776	0.213224	1.132587
6576	-399.9954	-724.1958	324.2004	1.825771	1.990302	0.89792	0.10208	1.118858
6582	-402.8361	-728.2951	325.4591	1.690177	0.7746368	0.736713	0.263287	0.9970604
6588	-395.9603	-720.185	324.2247	1.804715	2.211922	0.844578	0.155422	0.9970604
6594	-402.6636	-727.3549	324.6913	1.775856	1.520617	0.714403	0.285597	0.9908457
6600	-409.9603	-733.7431	323.7828	1.78821	2.532625	0.954677	0.0453232	1.261648
6606	-393.1645	-718.4986	325.3341	1.89875	0.4654973	0.763819	0.236181	1.316361
6612	-403.5699	-728.5337	324.9638	1.655799	0.9409494	0.710046	0.289954	1.301859
6618	-398.8265	-723.8649	325.0384	1.581226	0.9409494	0.928738	0.0712617	1.301859
6624	-413.8946	-739.0842	325.1896	1.88262	0.7300951	0.945939	0.0540608	1.122148
6630	-418.7709	-744.0924	325.3215	1.578921	0.4485432	0.587799	0.412201	1.59276
6636	-410.5457	-735.2099	324.6641	1.532472	1.605111	0.825915	0.174085	1.185927
6642	-417.3615	-741.2115	323.85	1.871944	1.884447	0.583075	0.416925	1.423054
6648	-412.4152	-736.8611	324.4459	1.814696	1.571833	0.544109	0.455891	1.150445
6654	-418.8036	-744.5469	325.7433	1.623965	0.453141	0.818971	0.181029	1.223334
6660	-409.6568	-733.3824	323.7257	1.623965	1.536888	0.866584	0.133416	1.858093
6666	-404.1742	-728.798	324.6238	1.542101	1.536888	0.670354	0.329646	1.252916
6672	-411.4336	-736.834	325.4004	1.982495	0.7094604	0.884732	0.115268	0.8279906
6678	-404.2461	-730.1331	325.887	1.950205	0.3785238	0.853518	0.146482	0.9111844
6684	-408.0227	-733.3874	325.3647	1.955635	0.6604737	0.680336	0.319664	0.9716711
6690	-418.6709	-741.5484	322.8775	1.429438	3.366037	0.972774	0.0272263	1.924485
6696	-397.9796	-721.7287	323.7491	1.449543	1.623865	0.874275	0.125725	1.919048
6702	-404.8478	-729.8709	325.0231	1.402072	0.7404965	0.615775	0.384225	1.62402
6708	-398.9299	-722.6847	323.7549	1.462534	1.263091	0.897652	0.102348	2.088998
6714	-411.5745	-735.6943	324.1199	1.205484	1.26264	0.486723	0.513277	2.017907
6720	-421.6711	-744.3756	322.7045	1.295546	2.361969	0.964092	0.035908	2.414323
6726	-411.7679	-737.4086	325.6407	1.808757	0.5362624	0.885361	0.114639	1.023918
6732	-403.4809	-727.9818	324.5009	1.596582	1.181527	0.93171	0.0682896	1.527443
6738	-397.7018	-721.3482	323.6463	1.607935	1.181527	0.961372	0.0386284	2.11082
6744	-394.1746	-719.2286	325.054	2.020771	0.9837596	0.858818	0.141182	0.8228211
6750	-391.9199	-716.5801	324.6602	2.051753	1.252995	0.870627	0.129373	0.9542152
6756	-403.1156	-727.3204	324.2048	1.972317	2.039351	0.969188	0.0308116	0.9442913
6762	-397.4445	-723.6789	326.2344	2.10005	0.2097545	0.583527	0.416473	0.7978804
6768	-400.592	-726.6053	326.0133	2.124599	0.2985444	0.625957	0.374043	0.7494895
6774	-399.6604	-723.4172	323.7568	1.757753	0.8790309	0.872466	0.127534	2.134938
6780	-401.1644	-725.9678	324.8034	1.819299	0.9022149	0.91697	0.0830304	1.332504
6786	-410.5322	-737.0645	326.5323	1.573032	0.2039114	0.849807	0.150193	1.065715
6792	-406.7384	-731.7984	325.06	1.590588	0.3287004	0.800849	0.199151	1.932616
6798	-406.6161	-729.7077	323.0915	1.484841	0.601044	0.765645	0.234355	2.938703
6804	-406.6517	-730.7588	324.1071	1.627748	0.7226786	0.922155	0.0778445	2.111702
6810	-402.9596	-727.2856	324.326	1.502752	1.223453	0.754871	0.245129	1.695911
6816	-391.9825	-717.1265	325.144	1.477985	0.533549	0.854082	0.145918	1.690545
6822	-399.0266	-724.804	325.7774	1.833337	0.2254105	0.711528	0.288472	1.428767
6828	-403.6414	-729.8335	326.1921	2.194904	0.2254105	0.896067	0.103933	0.6358211
6834	-405.4475	-730.3223	324.8748	2.208728	1.057059	0.865478	0.134522	0.7052022
6840	-401.293	-726.0692	324.7762	1.847204	1.327659	0.883419	0.116581	0.9820394
6846	-410.3892	-736.1089	325.7197	2.005898	0.3835156	0.673	0.327	1.016971
6852	-406.4506	-730.7896	324.339	1.572554	1.611465	0.798695	0.201305	1.414295
6858	-398.7049	-724.0937	325.3888	1.560527	0.563675	0.931865	0.0681354	1.414295
6864	-392.0927	-716.8457	324.753	1.605137	0.7873593	0.894024	0.105976	1.631049
6870	-400.7594	-726.1242	325.3648	1.558882	0.4883368	0.598873	0.401127	1.524946
6876	-409.205	-734.1168	324.9118	1.415876	0.3625105	0.721828	0.278172	2.09958
6882	-407.9923	-733.3759	325.3836	1.218489	0.3625105	0.859838	0.140162	1.91685
6888	-408.9895	-734.1947	325.2052	1.675912	0.379998	0.854229	0.145771	1.699443
6894	-422.1913	-747.4004	325.2091	1.570217	0.7399384	0.892383	0.107617	1.35773
6900	-401.8543	-725.3119	323.4576	1.480216	1.55172	0.850552	0.149448	2.126019
6906	-392.9223	-715.822	322.8997	1.367856	1.866136	0.949718	0.0502824	2.421767
6912	-393.3404	-716.5283	323.1879	1.674463	2.460803	0.92495	0.0750496	1.815687
6918	-424.5363	-748.105	323.5688	1.623768	1.864769	0.85415	0.14585	1.815687
6924	-415.3657	-741.3177	325.9521	1.731304	0.202682	0.866778	0.133222	1.423131
6930	-399.7819	-724.8243	325.0424	1.921288	0.9396947	0.809711	0.190289	0.9971121
6936	-399.8264	-723.9696	324.1432	2.213757	2.109699	0.961421	0.038579	0.639177
6942	-413.8083	-738.862	325.0537	1.992659	1.033835	0.695141	0.304859	0.7949239
6948	-399.6739	-724.5618	324.8879	2.184763	1.058177	0.856322	0.143678	0.7215462
6954	-404.8303	-729.8468	325.0165	1.830169	1.257797	0.833845	0.166155	0.7910064
6960	-404.981	-729.0747	324.0937	2.016771	2.453525	0.958948	0.0410519	0.7540341
6966	-418.073	-743.4573	325.3844	2.043648	0.690701	0.808363	0.191637	0.8011528
6972	-392.4682	-717.3726	324.9044	1.875752	0.690701	0.875901	0.124099	1.406482
6978	-408.5653	-732.9914	324.4261	1.596532	1.059001	0.863305	0.136695	1.663988
6984	-401.866	-725.1935	323.3275	1.500763	2.022752	0.923786	0.076214	1.998357
6990	-399.8099	-725.116	325.3061	1.547501	0.6404002	0.832974	0.167026	1.402214
6996	-406.7559	-731.3432	324.5873	1.749456	1.355219	0.839663	0.160337	1.224809
7002	-400.2025	-724.1216	323.9191	1.921812	2.920826	0.922384	0.0776161	0.8254555
7008	-394.7012	-720.0464	325.3452	1.809002	0.7122554	0.51602	0.48398	1.067606
7014	-406.83	-731.8908	325.0608	1.994323	1.115252	0.771635	0.228365	0.6556355
7020	-419.7872	-744.0163	324.2291	2.6975	1.160752	0.702868	0.297132	0.2880807
7026	-419.8588	-742.4203	322.5615	2.654118	4.554832	0.803071	0.196929	0.2532166
7032	-411.8879	-736.7567	324.8687	2.340687	0.9239889	0.843487	0.156513	0.3306938
7038	-407.9034	-732.7639	324.8604	2.835184	0.5627178	0.843388	0.156612	0.3659466
7044	-406.2114	-730.8533	324.6419	2.248879	1.306574	0.815519	0.184481	0.6526261
7050	-401.3279	-725.3216	323.9937	2.164411	2.046556	0.917795	0.0822049	0.9598562
7056	-395.1097	-718.7374	323.6277	2.241212	3.151223	0.819624	0.180376	0.6192442
7062	-405.6218	-729.2194	323.5976	2.225132	3.151223	0.693465	0.306535	0.712423
7068	-402.9967	-728.0036	325.0069	1.915038	1.068552	0.933947	0.0660532	0.9055316
7074	-411.5849	-737.1431	325.5582	1.91238	0.599606	0.572973	0.427027	0.9022331
7080	-404.9758	-729.2296	324.2538	2.061447	1.716744	0.970343	0.0296571	1.006909
7086	-413.5419	-737.3285	323.7866	1.598967	2.606244	0.692158	0.307842	1.382387
7092	-418.8421	-743.554	324.7119	2.161515	1.197123	0.658449	0.341551	0.8241312
7098	-405.4129	-729.1333	323.7204	2.169686	3.128588	0.700267	0.299733	0.5839947
7104	-404.8879	-729.5772	324.6893	2.229742	1.304765	0.632554	0.367446	0.5815628
7110	-415.7778	-739.9212	324.1435	2.021783	2.407325	0.961465	0.0385351	0.7038326
7116	-422.3667	-746.1763	323.8096	2.255014	2.610537	0.641522	0.358478	0.7054495
7122	-403.7138	-728.167	324.4532	1.764593	1.822294	0.910581	0.0894192	1.035594
7128	-400.2036	-724.8532	324.6496	1.844384	1.423825	0.933317	0.0666829	1.035594
7134	-397.8595	-722.3808	324.5213	1.753826	1.60611	0.926527	0.0734728	1.115896
7140	-397.6939	-722.7137	325.0198	1.537362	1.372737	0.94602	0.0539796	1.012498
7146	-398.0303	-722.153	324.1228	1.315394	1.45161	0.87494	0.12506	1.84047
7152	-390.8983	-714.4893	323.591	1.351154	2.806578	0.740678	0.259322	1.64469
7158	-389.0512	-713.7018	324.6506	1.584294	0.7516025	0.940972	0.0590278	1.749438
7164	-412.3941	-736.9442	324.5501	1.528023	1.114005	0.880434	0.119566	1.586557
7170	-397.7103	-723.3826	325.6723	1.768256	0.5966002	0.721033	0.278967	0.9397791
7176	-401.3392	-726.0069	324.6677	1.768256	1.480413	0.75607	0.24393	1.050375
7182	-422.3664	-747.7209	325.3546	1.801239	0.5059617	0.864498	0.135502	1.323364
7188	-402.4436	-727.6686	325.225	1.701854	1.021081	0.892381	0.107619	0.9500736
7194	-394.1189	-718.3509	324.232	1.615896	2.034794	0.806423	0.193577	1.250713
7200	-397.7415	-721.7882	324.0467	1.523462	2.121903	0.935784	0.0642162	1.432741
7206	-410.4748	-734.2617	323.7869	1.736546	1.687769	0.818576	0.181424	1.663476
7212	-403.8044	-726.6757	322.8713	1.393058	0.6723159	0.801637	0.198363	3.066292
7218	-404.2	-726.6315	322.4315	1.183127	1.301729	0.865076	0.134924	3.066292
7224	-396.7389	-718.4936	321.7547	1.407067	4.506102	0.938183	0.0618174	2.415212
7230	-392.7475	-717.1778	324.4303	1.979679	0.9667497	0.828711	0.171289	1.445682
7236	-413.2843	-736.6193	323.3349	1.8465	4.208174	0.902727	0.0972733	1.022258
7242	-411.9715	-736.3746	324.4031	2.143969	1.81674	0.953977	0.0460226	0.5987224
7248	-411.1488	-735.5152	324.3664	2.171768	1.834015	0.794014	0.205986	0.5928001
7254	-427.4157	-751.6636	324.248	1.819328	2.393576	0.91856	0.0814399	0.8515775
7260	-422.374	-746.4728	324.0988	2.340391	2.022958	0.880052	0.119948	0.507916
7266	-409.0227	-732.8265	323.8038	2.689262	1.891591	0.776863	0.223137	0.3969895
7272	-401.6165	-724.8511	323.2346	2.575571	3.258422	0.954431	0.0455687	0.3713726
7278	-408.4933	-732.9655	324.4722	2.119494	1.742367	0.90653	0.0934699	0.6080927
7284	-413.7589	-737.4909	323.732	2.235673	2.887861	0.888665	0.111335	0.6490889
7290	-404.5306	-727.973	323.4424	2.17773	3.849076	0.709662	0.290338	0.5776397
7296	-402.5297	-727.778	325.2482	2.214467	0.641949	0.858625	0.141375	0.8409122
7302	-407.6557	-732.8032	325.1475	1.857698	0.936347	0.916402	0.0835983	0.9582497
7308	-399.0694	-723.5565	324.4871	2.003385	1.743879	0.790369	0.209631	0.7874914
7314	-415.1288	-738.6953	323.5665	2.329194	3.057904	0.67974	0.32026	0.6473106
7320	-406.4448	-731.2315	324.7867	2.246452	1.031499	0.945111	0.0548886	0.8153786
7326	-401.697	-725.3832	323.6862	2.245956	2.707623	0.677693	0.322307	0.8306891
7332	-396.1527	-720.0212	323.8684	1.432989	1.46616	0.818376	0.181624	1.926114
7338	-388.3914	-712.6273	324.2359	1.437555	1.029257	0.917466	0.0825338	1.926114
7344	-391.6736	-716.6031	324.9295	1.591486	0.2919473	0.858841	0.141159	2.074851
7350	-404.7426	-729.4539	324.7113	1.779137	1.426449	0.840786	0.159214	1.037079
7356	-409.1274	-733.5421	324.4147	1.461248	1.494702	0.921393	0.0786069	1.504839
7362	-395.2331	-719.0062	323.7731	1.470884	1.293511	0.829896	0.170104	2.054821
7368	-394.4611	-718.8414	324.3803	1.875188	1.684751	0.969088	0.0309116	1.084602
7374	-408.7568	-732.1061	323.3493	1.776572	3.483576	0.853297	0.146703	1.294152
7380	-414.7802	-737.6912	322.911	1.336825	1.778638	0.916057	0.0839427	2.46885
7386	-402.4202	-726.6097	324.1895	1.534052	1.452055	0.869887	0.130113	1.639935
7392	-404.8295	-729.4124	324.5828	1.65172	0.8244016	0.931517	0.0684834	1.688373
7398	-404.1595	-728.3039	324.1444	1.879788	2.515625	0.908517	0.0914834	0.8296529
7404	-399.4796	-722.4103	322.9307	1.877882	3.194524	0.668693	0.331307	1.622084
7410	-401.6153	-725.572	323.9568	1.872008	2.533015	0.788918	0.211082	1.032447
7416	-400.9454	-726.0692	325.1239	1.804892	0.9246229	0.879834	0.120166	1.046895
7422	-401.1947	-725.9249	324.7302	1.707477	1.298214	0.934526	0.0654737	1.177814
7428	-395.6827	-720.257	324.5744	1.688585	1.65235	0.743419	0.256581	1.097919
7434	-392.0811	-716.545	324.4639	1.852594	1.15893	0.881611	0.118389	1.375683
7440	-400.6115	-723.4025	322.791	1.839179	4.549932	0.826803	0.173197	1.402579
7446	-411.0418	-736.1009	325.0592	1.997762	1.056003	0.837874	0.162126	0.7494118
7452	-383.0264	-708.0738	325.0474	2.043407	1.045493	0.859693	0.140307	0.7117747
7458	-386.6067	-711.8462	325.2396	1.962061	0.763314	0.890802	0.109198	0.9575263
7464	-394.2469	-719.1993	324.9524	1.967566	1.094808	0.92493	0.0750704	0.8796764
7470	-393.0564	-718.5373	325.4809	2.026096	0.6161589	0.798291	0.201709	0.8308779
7476	-386.2155	-710.3672	324.1517	1.938518	2.434264	0.905155	0.0948449	0.796228
7482	-380.2594	-704.1482	323.8888	1.644048	2.094122	0.883688	0.116312	1.473109
7488	-390.1573	-713.9736	323.8163	1.516842	2.7005	0.742979	0.257021	1.388782
7494	-392.217	-716.2248	324.0078	1.555498	1.468983	0.769524	0.230476	1.74465
7500	-386.2119	-710.517	324.3051	1.698997	0.9455348	0.781323	0.218677	1.757172
7506	-393.89	-719.7189	325.8289	1.846003	0.3350946	0.690386	0.309614	1.156977
7512	-389.3627	-713.7621	324.3994	1.847145	1.581196	0.802642	0.197358	1.156977
7518	-396.7564	-720.7496	323.9932	1.851144	2.237793	0.857735	0.142265	1.156977
7524	-404.8046	-728.8388	324.0342	1.92818	2.026352	0.865799	0.134201	1.156977
7530	-403.7452	-727.9712	324.2259	1.619562	1.799223	0.785787	0.214213	1.368381
7536	-400.4123	-724.3152	323.9029	1.942598	1.799223	0.595268	0.404732	1.368381
7542	-399.7184	-724.0388	324.3204	1.940664	1.199954	0.683163	0.316837	1.39075
7548	-393.8269	-718.5469	324.72	1.809381	1.199954	0.894016	0.105984	1.170268
7554	-400.8886	-725.4797	324.5911	1.990263	1.591473	0.972396	0.0276044	0.8039108
7560	-389.2443	-713.6059	324.3616	2.326593	1.444693	0.83169	0.16831	0.8039108
7566	-419.9387	-744.2391	324.3005	2.388586	1.615446	0.829177	0.170823	0.5682573
7572	-417.7486	-741.6814	323.9328	1.640874	2.861135	0.811231	0.188769	1.128442
7578	-420.1652	-742.1595	321.9943	1.756376	6.82561	0.960695	0.0393049	1.626544
7584	-408.3307	-731.0756	322.7449	1.642218	5.578703	0.850902	0.149098	1.368802
7590	-410.2854	-734.0395	323.7541	1.749738	2.692311	0.890998	0.109002	1.254504
7596	-404.2896	-728.2512	323.9615	1.647204	2.857539	0.677445	0.322555	1.098093
7602	-401.5101	-725.2105	323.7005	1.930186	2.875765	0.71275	0.28725	1.070283
7608	-385.817	-710.4696	324.6526	1.847188	0.8003189	0.916846	0.0831539	1.515965
7614	-402.3281	-726.8726	324.5445	1.586237	0.5706564	0.978426	0.0215741	1.988749
7620	-390.824	-715.1439	324.3199	1.515779	0.8296926	0.888068	0.111932	1.959167
7626	-400.4244	-724.7001	324.2757	1.437108	0.7367089	0.871943	0.128057	2.114485
7632	-399.9309	-722.8638	322.9329	1.292652	2.877311	0.854295	0.145705	2.112465
7638	-393.3116	-715.8016	322.49	1.416703	3.378802	0.870525	0.129475	2.18577
7644	-405.5003	-727.9079	322.4076	1.643069	3.910855	0.806009	0.193991	1.963471
7650	-408.1817	-731.5537	323.3721	1.768562	3.910855	0.902831	0.0971687	1.151787
7656	-411.538	-734.3414	322.8034	1.958569	6.44387	0.959895	0.0401054	0.8220633
7662	-403.1147	-727.5927	324.4781	1.624511	0.6533072	0.880861	0.119139	1.928056
7668	-408.0513	-732.5216	324.4702	1.675762	1.687707	0.952853	0.0471466	1.180875
7674	-391.6246	-715.6787	324.0541	2.11438	1.853268	0.765525	0.234475	1.064116
7680	-407.1846	-731.3839	324.1993	1.415278	1.59051	0.955569	0.0444309	1.645943
7686	-399.281	-723.2297	323.9488	1.440828	1.69594	0.790704	0.209296	1.754208
7692	-414.4658	-738.407	323.9412	1.785996	2.101305	0.797483	0.202517	1.318443
7698	-409.7475	-734.4557	324.7082	1.916758	1.649016	0.972282	0.0277178	0.6743225
7704	-408.6156	-732.7343	324.1187	1.648467	1.428729	0.834302	0.165698	1.621178
7710	-408.9107	-732.6739	323.7633	1.962427	3.055729	0.955597	0.0444033	0.8944116
7716	-415.2946	-740.176	324.8814	1.861132	1.08261	0.754267	0.245733	1.073861
7722	-408.8458	-732.3749	323.5291	1.94512	3.240323	0.773726	0.226274	1.073861
7728	-398.8984	-723.3687	324.4703	1.901396	1.448764	0.779552	0.220448	1.131517
7734	-409.5933	-735.3698	325.7765	1.727529	0.5591033	0.693857	0.306143	0.9318114
7740	-406.6716	-730.5746	323.903	1.849773	2.29298	0.884302	0.115698	1.210827
7746	-410.1301	-732.3773	322.2472	2.135376	8.707199	0.870368	0.129632	0.7174569
7752	-408.1836	-733.2225	325.0389	2.010155	1.03791	0.841335	0.158665	0.7858063
7758	-395.1983	-719.8104	324.612	2.041804	1.072856	0.626321	0.373679	1.162415
7764	-392.8164	-718.4947	325.6784	1.930249	0.3635611	0.721759	0.278241	1.162415
7770	-400.6947	-725.4425	324.7479	1.859353	0.8881972	0.96124	0.0387603	1.356978
7776	-406.2404	-731.4352	325.1948	1.909657	0.7258874	0.848051	0.151949	1.097681
7782	-406.0886	-730.2856	324.197	2.28617	1.92251	0.708285	0.291715	0.5940328
7788	-399.154	-724.4406	325.2866	2.204911	0.7197537	0.929262	0.0707378	0.6321972
7794	-393.3318	-717.8196	324.4879	2.103856	1.733711	0.895696	0.104304	0.6231275
7800	-416.3607	-741.5136	325.1529	1.927893	0.7771318	0.841303	0.158697	1.060775
7806	-398.4447	-724.0409	325.5963	1.749112	0.5792099	0.930092	0.0699077	1.060775
7812	-400.219	-725.722	325.5029	1.793244	0.5792099	0.662205	0.337795	1.106456
7818	-403.016	-728.4612	325.4452	1.80544	0.6440403	0.794572	0.205428	1.06237
7824	-402.9071	-726.7997	323.8926	2.053091	2.395182	0.992512	0.00748797	0.9845012
7830	-404.3504	-727.8111	323.4608	2.153791	3.483671	0.859646	0.140354	0.8241949
7836	-407.9051	-732.7655	324.8604	2.029052	1.152979	0.794527	0.205473	0.8527125
7842	-412.0201	-735.2435	323.2235	1.76973	4.74585	0.825677	0.174323	1.044555
7848	-404.0789	-729.0039	324.925	2.184529	0.9249734	0.882357	0.117643	0.8552043
7854	-423.3349	-747.8008	324.4659	1.699377	1.242748	0.774443	0.225557	1.436362
7860	-420.6864	-745.0374	324.351	1.411989	1.046324	0.861666	0.138334	1.85397
7866	-427.2126	-749.359	322.1464	1.478698	1.05726	0.840701	0.159299	3.188774
7872	-409.4265	-734.6666	325.2401	1.864747	0.8350545	0.852564	0.147436	0.9699959
7878	-412.5152	-737.9728	325.4576	1.864747	0.5948861	0.579683	0.420317	1.060693
7884	-405.0346	-729.1649	324.1303	1.592053	1.704661	0.878004	0.121996	1.509945
7890	-395.6187	-720.1877	324.569	1.876885	1.361662	0.888327	0.111673	1.125375
7896	-396.3778	-721.4096	325.0318	1.952132	0.7795833	0.934183	0.0658174	1.146617
7902	-406.508	-731.4928	324.9848	1.674535	1.224156	0.842451	0.157549	1.0319
7908	-396.2216	-720.8122	324.5906	2.042287	1.269224	0.947836	0.0521641	1.020503
7914	-403.0293	-728.1463	325.1169	2.030064	0.5784567	0.896692	0.103308	1.237617
7920	-394.3508	-718.5523	324.2015	1.617549	1.434945	0.921401	0.0785991	1.580044
7926	-406.2139	-730.2301	324.0162	1.729821	0.3061355	0.864689	0.135311	2.548634
7932	-407.053	-731.5371	324.4841	1.437855	0.6110136	0.816225	0.183775	2.087754
7938	-409.2326	-733.653	324.4204	1.496066	0.6859896	0.987072	0.0129282	2.02322
7944	-405.4275	-728.313	322.8855	1.276714	2.893798	0.752188	0.247812	2.149096
7950	-408.2094	-731.84	323.6306	1.372007	1.416461	0.651764	0.348236	2.149096
7956	-409.5307	-734.5372	325.0065	1.606662	0.8622161	0.937958	0.0620421	1.374918
7962	-403.4083	-727.885	324.4767	1.405332	0.8434347	0.922554	0.0774465	1.91733
7968	-405.4605	-729.729	324.2686	1.459489	1.465888	0.923129	0.0768709	1.6292
7974	-404.3928	-728.88	324.4873	1.878993	1.117806	0.750903	0.249097	1.365841
7980	-398.4978	-723.8533	325.3555	1.859678	0.5891201	0.937344	0.0626558	1.165697
7986	-406.1438	-731.8247	325.681	1.816959	0.5326311	0.740494	0.259506	0.9813427
7992	-388.1421	-711.0911	322.949	1.950791	4.466199	0.918086	0.081914	1.204391
7998	-393.8963	-718.4233	324.527	1.736598	1.481903	0.953302	0.0466979	1.204391
8004	-406.8487	-731.3428	324.4941	1.722596	1.215412	0.9173	0.0826996	1.414735
8010	-411.2977	-735.4727	324.1749	1.354599	2.238655	0.89767	0.10233	1.414735
8016	-406.5683	-730.3168	323.7485	1.461189	0.6232548	0.897879	0.102121	2.53157
8022	-406.9653	-729.4855	322.5202	1.408164	1.151058	0.875821	0.124179	2.955633
8028	-395.8131	-720.2636	324.4505	1.476527	0.4803342	0.893416	0.106584	2.217175
8034	-406.7775	-729.6729	322.8954	1.297035	2.370261	0.876011	0.123989	2.28944
8040	-403.6129	-728.5511	324.9382	1.526248	0.6002956	0.807178	0.192822	1.730423
8046	-413.8305	-739.7823	325.9518	1.898058	0.3469508	0.620141	0.379859	0.9672096
8052	-397.339	-721.8764	324.5373	2.104871	1.349159	0.54702	0.45298	0.944632
8058	-433.4453	-759.3095	325.8642	1.788724	0.3437621	0.814291	0.185709	1.159929
8064	-419.0589	-743.2774	324.2185	1.506483	1.357747	0.768503	0.231497	1.690944
8070	-407.419	-731.6522	324.2332	1.696068	1.031592	0.813378	0.186622	1.748739
8076	-421.1708	-745.9945	324.8237	1.879755	1.240653	0.662273	0.337727	0.9738496
8082	-410.5663	-733.7314	323.1651	1.367957	2.899189	0.953116	0.0468838	1.901232
8088	-424.2823	-746.6288	322.3465	1.555008	6.971696	0.86966	0.13034	1.492373
8094	-428.4973	-754.8273	326.3301	2.209973	0.1513844	0.648859	0.351141	0.7701547
8100	-417.6974	-740.7259	323.0285	1.596306	2.273345	0.917146	0.0828536	2.041097
8106	-414.8424	-739.9787	325.1362	1.3758	0.5794394	0.939552	0.0604479	1.718508
8112	-411.9696	-737.5769	325.6072	1.625987	0.2748637	0.875523	0.124477	1.613702
8118	-406.5259	-732.4674	325.9414	1.416918	0.2269482	0.825521	0.174479	1.613702
8124	-402.7956	-728.8376	326.042	1.790569	0.3583341	0.818034	0.181966	0.9603895
8130	-414.5716	-737.9954	323.4238	1.535725	2.100965	0.741769	0.258231	1.879696
8136	-407.3454	-730.4649	323.1195	1.714227	2.324988	0.854517	0.145483	1.882691
8142	-408.8471	-734.0149	325.1679	2.096667	0.7658413	0.93187	0.0681305	0.885332
8148	-393.2539	-716.5986	323.3447	2.069916	3.791413	0.904326	0.0956736	0.9268965
8154	-408.0447	-732.3773	324.3326	2.069428	2.043231	0.983292	0.016708	0.6217808
8160	-405.7274	-731.4292	325.7018	2.206429	0.3919735	0.476393	0.523607	0.7928695
8166	-414.0832	-739.4856	325.4023	1.752585	0.6333351	0.851955	0.148045	1.162907
8172	-423.0213	-746.466	323.4447	2.237702	3.431342	0.822081	0.177919	0.7589091
8178	-415.7337	-738.9023	323.1687	2.059401	2.507956	0.818823	0.181177	1.538291
8184	-417.4641	-741.2413	323.7772	1.834663	2.779406	0.702374	0.297626	1.126947
8190	-405.622	-729.9524	324.3304	1.536206	0.7278832	0.665281	0.334719	2.020389
8196	-408.0333	-730.4121	322.3788	1.633389	1.993796	0.692736	0.307264	2.533484
8202	-394.9654	-719.4565	324.4912	1.654318	1.223271	0.684865	0.315135	1.464134
8208	-417.1636	-742.0072	324.8435	1.996672	1.223271	0.966394	0.0336059	0.8374709
8214	-396.2463	-720.8167	324.5704	2.385174	1.223271	0.804024	0.195976	0.6629067
8220	-399.1048	-724.2953	325.1905	2.059127	0.6336988	0.875299	0.124701	1.076825
8226	-408.9522	-733.2488	324.2966	1.857247	1.959955	0.881126	0.118874	1.015623
8232	-407.3813	-731.6149	324.2336	1.938926	2.044139	0.823009	0.176991	0.9461864
8238	-397.0215	-720.8894	323.8678	1.831288	2.145159	0.919071	0.0809288	1.321283
8244	-399.0595	-723.5402	324.4807	1.950529	1.374991	0.906504	0.0934956	1.129101
8250	-396.3654	-720.8605	324.495	2.164359	1.600503	0.746907	0.253093	0.6725231
8256	-409.4773	-733.8087	324.3314	2.371838	1.600503	0.521442	0.478558	0.5505126
8262	-412.1226	-736.1864	324.0638	2.353019	2.053682	0.863092	0.136908	0.5505126
8268	-397.5906	-723.0398	325.4492	2.265972	0.5789293	0.699458	0.300542	0.5025774
8274	-402.8669	-727.6231	324.7562	2.358914	1.085664	0.783753	0.216247	0.4401043
8280	-406.0996	-731.5838	325.4842	2.358914	0.4969316	0.859759	0.140241	0.5233694
8286	-392.2733	-717.9216	325.6484	1.865452	0.6803655	0.967913	0.0320873	0.6914831
8292	-406.3582	-731.5878	325.2295	1.873275	0.8620185	0.900334	0.0996656	0.9401584
8298	-402.7355	-726.9307	324.1952	1.63312	2.204011	0.941276	0.0587236	1.186917
8304	-417.1306	-740.731	323.6004	1.696718	0.7402718	0.850554	0.149446	2.379055
8310	-424.9845	-749.2634	324.2789	2.256909	1.811458	0.489895	0.510105	0.6370487
8316	-411.7094	-736.7785	325.069	2.07993	0.8191102	0.782892	0.217108	0.9430277
8322	-416.1217	-740.5562	324.4345	2.045371	1.89855	0.709777	0.290223	0.6411659
8328	-397.1717	-721.8477	324.676	2.045371	1.512228	0.755678	0.244322	0.6744592
8334	-386.4315	-711.5434	325.1119	1.772284	0.8667022	0.730168	0.269832	1.145755
8340	-405.3932	-728.7765	323.3833	1.605738	2.410629	0.852396	0.147604	1.745111
8346	-399.2839	-723.5336	324.2497	1.685177	0.9439802	0.78275	0.21725	1.806404
8352	-399.1119	-720.928	321.816	1.683977	5.616155	0.6711	0.3289	1.996238
8358	-404.9763	-728.8951	323.9187	1.429224	1.689101	0.7335	0.2665	1.786412
8364	-407.5587	-730.8415	323.2828	1.6921	3.815777	0.936402	0.0635979	1.318839
8370	-395.5436	-719.0841	323.5405	1.750858	3.082247	0.968912	0.0310878	1.288646
8376	-393.6729	-717.5241	323.8512	1.780961	2.152086	0.784137	0.215863	1.371495
8382	-400.1739	-725.2886	325.1147	1.988173	0.8899858	0.683725	0.316275	0.9064376
8388	-394.2527	-717.7824	323.5297	1.955041	3.606634	0.797106	0.202894	0.9227756
8394	-402.5991	-727.2518	324.6527	1.828301	1.529856	0.630934	0.369066	0.9698603
8400	-414.3465	-739.6565	325.31	1.763279	0.6226654	0.925885	0.0741153	1.245572
8406	-418.7666	-742.5909	323.8243	1.849896	2.533136	0.950353	0.0496469	1.173901
8412	-421.4609	-745.9714	324.5105	2.087003	1.581312	0.892024	0.107976	0.7918492
8418	-411.704	-737.3988	325.6948	2.087003	0.5111826	0.64377	0.35623	0.6527111
8424	-406.0907	-731.1442	325.0535	1.657739	0.7292537	0.870755	0.129245	1.421353
8430	-420.8039	-745.3779	324.574	1.979767	1.650704	0.841753	0.158247	0.7859281
8436	-415.7563	-741.0307	325.2744	1.587038	0.8816396	0.963639	0.0363614	1.151277
8442	-409.732	-734.5869	324.8549	2.097505	1.262262	0.887151	0.112849	0.5878603
8448	-411.5044	-735.7524	324.248	2.091031	2.02475	0.824496	0.175504	0.7570605
8454	-404.4765	-728.5531	324.0767	1.859005	1.88925	0.939645	0.0603551	1.249826
8460	-394.608	-719.2261	324.618	1.461127	1.573071	0.862088	0.137912	1.302935
8466	-408.8681	-734.0931	325.225	1.46126	0.5690917	0.966997	0.0330031	1.604946
8472	-426.5297	-751.2346	324.7049	1.436156	1.045393	0.964052	0.0359477	1.587889
8478	-416.4361	-740.1423	323.7062	1.704265	0.7287541	0.945048	0.0549523	2.316225
8484	-403.9533	-728.9962	325.0429	2.328986	0.6849786	0.924883	0.0751166	0.8798397
8490	-402.8345	-725.8856	323.0511	2.589002	3.813046	0.827504	0.172496	0.5430538
8496	-403.5271	-727.2701	323.743	2.505065	2.19078	0.645692	0.354308	0.7533251
8502	-409.1068	-733.6996	324.5929	2.060607	1.523761	0.910348	0.0896523	0.7712779
8508	-408.3035	-733.1894	324.8859	2.159453	1.154794	0.843621	0.156379	0.5886629
8514	-421.9449	-746.965	325.0201	2.081603	1.068049	0.935819	0.0641813	0.6505536
8520	-421.2617	-745.7596	324.4979	2.192531	1.519952	0.874019	0.125981	0.7192457
8526	-407.9616	-732.964	325.0024	2.474774	0.7398515	0.825855	0.174145	0.4093577
8532	-393.5385	-718.7554	325.2169	2.537946	0.5078285	0.752572	0.247428	0.3341695
8538	-404.3284	-729.2316	324.9032	2.500927	0.7908053	0.835082	0.164918	0.3879122
8544	-404.5935	-729.3031	324.7097	2.663018	0.7908053	0.836334	0.163666	0.3449658
8550	-408.5562	-733.376	324.8198	2.64169	0.6998758	0.629969	0.370031	0.3207705
8556	-393.5147	-719.097	325.5823	2.300822	0.4733705	0.913486	0.0865137	0.5199083
8562	-402.1961	-726.4087	324.2126	2.20826	2.040774	0.933322	0.0666782	0.4389221
8568	-402.0171	-727.0369	325.0198	2.20826	0.9780886	0.664267	0.335733	0.4970366
8574	-403.185	-728.0133	324.8284	1.921254	1.442747	0.940359	0.0596409	0.7161233
8580	-402.3386	-726.5616	324.223	2.190243	1.943545	0.939923	0.0600766	0.7161233
8586	-395.4257	-718.4	322.9743	1.990088	4.228216	0.84815	0.15185	1.21313
8592	-393.3735	-718.4225	325.049	1.623322	1.008001	0.732037	0.267963	1.200942
8598	-388.9458	-713.4121	324.4662	1.840993	1.248831	0.868275	0.131725	1.320908
8604	-395.5554	-720.1236	324.5682	1.756744	1.116514	0.845801	0.154199	1.399132
8610	-394.4552	-716.8427	322.3874	1.447664	4.88432	0.81838	0.18162	1.90366
8616	-398.0049	-722.0325	324.0276	1.591286	1.677378	0.902961	0.0970386	1.599695
8622	-407.595	-732.0282	324.4332	1.961113	1.161739	0.866441	0.133559	1.311653
8628	-411.5617	-735.2069	323.6453	2.141509	2.954244	0.952196	0.047804	0.8736972
8634	-412.0211	-736.3744	324.3533	2.177944	1.609684	0.914298	0.0857018	0.8511582
8640	-425.0539	-749.5978	324.5439	2.003206	1.609684	0.734587	0.265413	0.8316456
8646	-415.5395	-738.6322	323.0926	1.896592	5.882917	0.871011	0.128989	0.6793344
8652	-398.276	-722.1438	323.8678	1.83991	1.923269	0.761979	0.238021	1.415782
8658	-395.2671	-719.0114	323.7443	1.58639	2.631449	0.74207	0.25793	1.415782
8664	-397.2006	-720.706	323.5053	1.539928	2.542966	0.837633	0.162367	1.658878
8670	-398.3444	-722.249	323.9046	2.103371	1.765812	0.952835	0.0471649	1.254344
8676	-387.6611	-710.7741	323.113	2.078764	4.300003	0.931404	0.0685961	0.9826119
8682	-392.0914	-715.2098	323.1184	2.060694	5.034359	0.965543	0.0344567	0.7338892
8688	-406.8336	-729.756	322.9224	1.731256	5.254038	0.702617	0.297383	1.221074
8694	-409.4125	-733.3415	323.9289	1.739124	2.6929	0.804145	0.195855	1.111931
8700	-397.2087	-721.8117	324.603	1.803154	1.265438	0.789444	0.210556	1.228005
8706	-388.0281	-711.9207	323.8926	1.788487	2.855953	0.971738	0.0282617	1.030473
8712	-385.5884	-710.2647	324.6763	1.848038	1.01659	0.718429	0.281571	1.316706
8718	-395.1445	-719.1115	323.967	1.776947	2.738842	0.958303	0.041697	1.020507
8724	-385.5568	-709.2135	323.6567	1.784458	2.835156	0.824881	0.175119	1.252677
8730	-393.5317	-718.966	325.4343	1.977861	0.6461496	0.849551	0.150449	0.8937906
8736	-391.5536	-716.4464	324.8929	2.020164	0.9318716	0.602081	0.397919	1.054574
8742	-406.0953	-729.754	323.6587	2.010655	2.835279	0.78293	0.21707	1.050594
8748	-392.5368	-717.4198	324.8831	2.010655	0.8492227	0.893459	0.106541	1.154626
8754	-410.2576	-735.1211	324.8636	2.019572	0.9081903	0.904575	0.0954253	1.105878
8760	-395.6616	-719.8578	324.1962	1.578284	1.176423	0.98151	0.0184905	1.762911
8766	-398.033	-722.3177	324.2847	1.581123	1.74024	0.466767	0.533233	1.382308
8772	-392.6572	-716.9216	324.2645	1.506829	1.260393	0.908075	0.0919252	1.714373
8778	-398.2155	-723.1694	324.9539	1.535822	0.8973533	0.88884	0.11116	1.440676
8784	-408.1218	-731.6933	323.5715	1.531523	0.8752812	0.926869	0.0731312	2.401618
8790	-403.2641	-727.0302	323.7662	1.518911	1.474359	0.790754	0.209246	1.933019
8796	-415.9229	-739.3526	323.4297	1.566267	2.033779	0.941303	0.0586975	1.88102
8802	-405.8996	-728.947	323.0474	1.717412	2.465278	0.863887	0.136113	1.88102
8808	-407.8707	-732.6848	324.8141	1.954974	0.94329	0.833084	0.166916	1.174334
8814	-420.4952	-743.9959	323.5007	1.539263	2.408908	0.642612	0.357388	1.709886
8820	-400.7959	-724.4805	323.6846	1.69487	1.808324	0.858927	0.141073	1.709886
8826	-391.9397	-717.7381	325.7984	1.417334	0.4335072	0.836351	0.163649	1.375262
8832	-395.7481	-720.73	324.9819	1.701858	0.7501459	0.871892	0.128108	1.422454
8838	-393.9798	-720.8211	326.8413	1.843767	0.0918458	0.868284	0.131716	0.88142
8844	-393.153	-718.8767	325.7237	1.881898	0.3759936	0.904946	0.0950539	1.142773
8850	-388.185	-712.7982	324.6132	1.844561	1.117926	0.663728	0.336272	1.29238
8856	-398.9929	-724.4458	325.453	1.666736	0.4995087	0.838852	0.161148	1.360626
8862	-393.9399	-719.0111	325.0712	1.478165	0.6753953	0.937952	0.0620483	1.594843
8868	-394.3672	-719.4038	325.0366	1.365565	0.8798139	0.883006	0.116994	1.521241
8874	-402.7621	-727.4287	324.6666	1.5044	1.349694	0.918343	0.0816569	1.363521
8880	-414.1651	-739.1725	325.0074	2.0221	1.006123	0.727426	0.272574	0.8512108
8886	-399.7083	-724.3406	324.6323	2.165169	1.341754	0.853962	0.146038	0.7635596
8892	-407.7315	-732.5945	324.8631	1.814996	0.6022259	0.716906	0.283094	1.575202
8898	-405.6889	-730.4101	324.7212	1.546315	1.174655	0.811115	0.188885	1.402979
8904	-413.191	-738.7446	325.5536	1.626099	0.2364642	0.558105	0.441895	1.722682
8910	-414.3168	-739.7622	325.4454	1.793981	0.3461463	0.800435	0.199565	1.489012
8916	-403.4224	-728.1567	324.7343	2.242699	0.8519938	0.840202	0.159798	1.076321
8922	-402.6015	-727.5193	324.9178	1.987212	1.096892	0.97249	0.0275102	0.8945228
8928	-400.9645	-726.6268	325.6623	1.812277	0.5893574	0.813869	0.186131	0.9144213
8934	-397.4947	-722.9242	325.4295	1.769431	0.5893574	0.953198	0.0468023	1.179576
8940	-394.9174	-720.8225	325.9051	1.806908	0.3158621	0.537335	0.462665	1.161677
8946	-398.8632	-724.6081	325.7449	1.732976	0.3911075	0.669022	0.330978	1.227335
8952	-391.2951	-717.4258	326.1307	1.732976	0.3404417	0.868296	0.131704	0.9672757
8958	-399.5326	-725.7266	326.1941	1.766847	0.2792024	0.646402	0.353598	1.010502
8964	-401.0431	-726.3287	325.2856	1.967156	0.7509049	0.842187	0.157813	0.9191106
8970	-403.9385	-729.0885	325.15	1.905519	0.8945966	0.90059	0.0994102	0.9522639
8976	-402.0582	-726.9764	324.9182	1.692106	1.076723	0.887891	0.112109	1.197005
8982	-408.5375	-732.9935	324.456	1.668021	1.692647	0.941375	0.0586246	1.197005
8988	-409.9246	-735.653	325.7284	1.888137	0.5166056	0.711061	0.288939	0.8807973
8994	-403.7849	-728.0954	324.3105	1.701182	1.227143	0.92574	0.07426	1.561644
9000	-379.3658	-705.051	325.6852	1.69712	0.3414995	0.718051	0.281949	1.387025
9006	-382.4862	-708.3928	325.9066	2.015604	0.3081802	0.699975	0.300025	0.9805976
9012	-382.4543	-707.7433	325.2891	1.471587	0.5992082	0.972056	0.0279441	1.517416
9018	-400.8409	-725.967	325.126	1.686103	0.5992082	0.82572	0.17428	1.478764
9024	-395.8353	-720.2456	324.4103	1.984178	1.841579	0.691959	0.308041	0.8313758
9030	-397.0363	-721.3937	324.3574	1.702625	1.805416	0.904901	0.0950991	1.18882
9036	-390.0118	-714.1119	324.1001	2.166419	2.147051	0.931644	0.0683563	0.7616197
9042	-411.5432	-735.1419	323.5988	2.191755	3.037547	0.780888	0.219112	0.8261107
9048	-412.476	-736.4971	324.0211	2.048412	2.013106	0.93962	0.0603804	1.066598
9054	-417.4043	-741.5826	324.1783	1.919264	1.634478	0.887887	0.112113	1.252619
9060	-399.613	-723.0894	323.4764	2.02133	3.533616	0.929418	0.0705823	0.9378121
9066	-401.2879	-725.5912	324.3033	2.093435	1.695057	0.983882	0.0161177	0.9378121
9072	-408.4287	-732.7777	324.3491	2.010842	1.695057	0.810097	0.189903	0.9763808
9078	-408.3708	-733.1458	324.7751	1.840444	1.245307	0.853171	0.146829	1.056625
9084	-393.4569	-716.7558	323.2989	1.335679	1.634082	0.883843	0.116157	2.284785
9090	-399.152	-723.524	324.372	2.057883	1.22727	0.89921	0.10079	1.235231
9096	-390.8965	-715.2318	324.3353	2.018237	1.22727	0.744569	0.255431	1.298267
9102	-385.293	-709.925	324.6321	1.824749	1.695582	0.809969	0.190031	0.8701952
9108	-403.018	-727.7685	324.7505	2.019586	1.169268	0.901159	0.0988415	0.9690902
9114	-384.1021	-708.1718	324.0697	2.04912	2.033786	0.538746	0.461254	1.007396
9120	-394.607	-718.7157	324.1087	2.205144	2.033786	0.799799	0.200201	0.7853688
9126	-395.8198	-719.6637	323.8439	2.009886	3.022835	0.546112	0.453888	0.7477197
9132	-395.682	-720.1563	324.4743	1.731522	1.902645	0.856926	0.143074	0.9983167
9138	-406.0327	-730.9114	324.8787	1.869912	1.161078	0.810462	0.189538	0.9983167
9144	-398.5992	-723.7364	325.1371	1.9021	0.7391564	0.713804	0.286196	1.141529
9150	-402.3489	-725.7664	323.4175	2.051619	2.855949	0.630186	0.369814	1.221472
9156	-400.88	-724.4173	323.5372	1.707755	1.851463	0.777229	0.222771	1.785111
9162	-396.0809	-720.5896	324.5087	1.684632	0.9123708	0.920951	0.0790487	1.648004
9168	-391.9787	-715.3757	323.397	1.393934	1.80267	0.977057	0.0229431	2.111459
9174	-400.0966	-724.8107	324.714	1.403643	1.205193	0.73618	0.26382	1.496914
9180	-396.5098	-721.2575	324.7477	1.481977	1.205193	0.836933	0.163067	1.411564
9186	-404.8814	-728.3715	323.4901	1.690106	4.002012	0.81055	0.18945	1.088026
9192	-404.7291	-729.0852	324.3561	1.926089	1.639885	0.949891	0.0501095	1.088026
9198	-408.4792	-733.3563	324.8771	1.635907	1.396213	0.928329	0.0716712	1.03774
9204	-389.5539	-715.1126	325.5587	1.920618	0.6431945	0.808239	0.191761	0.8177712
9210	-399.2089	-723.9859	324.777	2.182966	1.106469	0.705513	0.294487	0.8177712
9216	-396.4791	-719.5897	323.1106	2.206886	3.105048	0.886566	0.113434	1.259389
9222	-395.1908	-719.8773	324.6864	1.772439	1.183062	0.793825	0.206175	1.243104
9228	-407.0843	-731.7226	324.6383	1.567278	1.662495	0.889392	0.110608	1.143468
9234	-403.1748	-726.9602	323.7854	1.567278	1.130554	0.914397	0.085603	2.07621
9240	-396.9124	-721.3868	324.4744	2.19642	0.9530337	0.813444	0.186556	1.249351
9246	-400.8994	-725.6057	324.7063	1.92987	1.579938	0.911293	0.0887074	0.7373492
9252	-387.9065	-712.9373	325.0308	2.121054	0.946058	0.736206	0.263794	0.7713215
9258	-393.8268	-718.3557	324.5289	2.090684	1.29478	0.98129	0.0187103	1.012777
9264	-397.0877	-723.0211	325.9333	1.919739	0.3700825	0.805463	0.194537	0.9125009
9270	-410.9039	-734.1435	323.2396	1.425115	1.66491	0.897761	0.102239	2.251976
9276	-407.8161	-732.0335	324.2174	1.786837	1.66491	0.837498	0.162502	1.312115
9282	-390.7432	-715.0721	324.3289	1.792129	1.837073	0.871818	0.128182	1.117267
9288	-404.4099	-729.5971	325.1872	1.610691	0.9777401	0.963924	0.0360757	1.117267
9294	-398.3299	-722.7731	324.4431	1.698874	1.855237	0.784345	0.215655	1.087707
9300	-392.5323	-717.7929	325.2606	1.97485	0.8259933	0.619359	0.380641	0.8349538
9306	-382.9409	-707.087	324.1461	2.034453	2.298644	0.904066	0.0959345	0.7675774
9312	-386.1399	-710.5918	324.4519	2.043496	1.567809	0.890346	0.109654	0.9258489
9318	-380.4806	-704.8134	324.3328	2.007226	2.01482	0.850372	0.149628	0.7640563
9324	-396.6925	-721.863	325.1706	1.604676	0.5982937	0.796115	0.203885	1.507512
9330	-394.5383	-718.2628	323.7245	1.756229	2.831031	0.911252	0.0887483	1.221
9336	-405.2268	-729.1971	323.9704	1.721676	2.040748	0.848167	0.151833	1.373901
9342	-402.9155	-726.544	323.6285	1.538106	2.75623	0.802775	0.197225	1.496676
9348	-399.5459	-724.287	324.7411	2.127093	0.8688697	0.911261	0.088739	1.157712
9354	-400.1193	-723.5258	323.4065	1.392543	2.309974	0.896435	0.103565	1.911566
9360	-418.3229	-741.7331	323.4102	1.569473	1.732819	0.860454	0.139546	2.016675
9366	-408.654	-732.7544	324.1005	1.217769	0.8723265	0.845343	0.154657	2.266735
9372	-412.0099	-735.5079	323.4979	1.294728	1.707119	0.859202	0.140798	2.150872
9378	-394.8814	-718.3914	323.51	1.531385	2.902295	0.860631	0.139369	1.541567
9384	-399.6982	-723.4532	323.7551	1.81654	1.902086	0.86296	0.13704	1.528626
9390	-399.7501	-723.8457	324.0956	1.667788	1.614996	0.863762	0.136238	1.524736
9396	-403.8366	-727.4234	323.5869	1.677961	2.294226	0.872765	0.127235	1.591035
9402	-403.0407	-726.8579	323.8172	1.644807	2.294226	0.780293	0.219707	1.443933
9408	-415.3536	-738.1467	322.7931	1.492411	5.610294	0.97016	0.0298395	1.44141
9414	-412.5909	-736.5282	323.9372	1.492411	1.699375	0.701366	0.298634	1.724497
9420	-410.4436	-734.1942	323.7506	1.533774	2.545423	0.869884	0.130116	1.482532
9426	-412.9082	-736.4033	323.495	1.60229	3.663927	0.818483	0.181517	1.262981
9432	-407.8197	-732.3663	324.5466	1.325572	1.363636	0.802229	0.197771	1.58159
9438	-427.1184	-749.1958	322.0774	1.303619	3.420199	0.958142	0.0418579	2.509787
9444	-412.3163	-735.0372	322.7209	1.350395	0.7898827	0.691551	0.308449	3.092931
9450	-432.2326	-754.1628	321.9303	1.31349	4.88478	0.969592	0.0304083	2.292107
9456	-415.8973	-740.1899	324.2926	1.203584	1.192795	0.94594	0.0540604	1.943625
9462	-396.1506	-720.2221	324.0715	1.421022	1.326559	0.77618	0.22382	1.869946
9468	-402.4921	-724.8862	322.3941	1.555848	4.660458	0.791872	0.208128	1.869946
9474	-405.1993	-730.7896	325.5903	1.770006	0.714698	0.792496	0.207504	0.8476784
9480	-403.6449	-728.0522	324.4072	2.103232	1.826105	0.684082	0.315918	0.6712577
9486	-400.5773	-725.4401	324.8628	1.993637	1.337781	0.938685	0.061315	0.6712577
9492	-415.0699	-738.441	323.3711	1.292812	2.203857	0.911039	0.0889606	2.039932
9498	-406.5712	-731.5393	324.9681	1.699866	0.9197424	0.881919	0.118081	1.280647
9504	-390.6277	-714.4073	323.7795	1.728792	2.653943	0.73633	0.26367	1.265589
9510	-391.0557	-715.4817	324.426	1.792923	1.278115	0.699092	0.300908	1.37162
9516	-401.4722	-726.054	324.5818	2.047702	1.065736	0.94387	0.0561304	1.189447
9522	-392.8492	-717.195	324.3458	1.910699	1.270326	0.936483	0.0635173	1.347009
9528	-395.457	-719.9002	324.4431	1.922583	1.076729	0.776389	0.223611	1.396305
9534	-399.0122	-722.8791	323.8669	2.033799	2.897934	0.763074	0.236926	0.7577933
9540	-378.1186	-701.9436	323.825	2.107136	2.689224	0.86395	0.13605	0.8412481
9546	-400.5145	-724.2693	323.7548	2.283504	2.689224	0.783442	0.216558	0.6866125
9552	-383.1443	-708.8317	325.6874	1.690504	0.4821004	0.709655	0.290345	1.171139
9558	-402.3145	-726.0585	323.7441	1.535504	1.363819	0.864632	0.135368	1.993564
9564	-397.6591	-722.6949	325.0359	1.670144	0.3447078	0.67344	0.32656	1.871557
9570	-405.1981	-729.5489	324.3508	1.758712	1.207728	0.884065	0.115935	1.50142
9576	-404.6948	-729.0524	324.3577	1.812432	1.754849	0.728751	0.271249	1.120382
9582	-401.9958	-726.8008	324.805	1.777569	1.317016	0.849178	0.150822	1.031199
9588	-403.0628	-725.6971	322.6343	2.003662	6.237688	0.936467	0.0635332	1.011583
9594	-416.5816	-740.9386	324.357	1.721472	1.819764	0.85155	0.14845	1.164902
9600	-418.2383	-742.4891	324.2508	1.979026	1.918804	0.977398	0.022602	0.9638123
9606	-396.4909	-720.7931	324.3022	2.20028	1.580203	0.949283	0.0507173	0.9084417
9612	-407.0918	-730.3491	323.2573	2.309693	3.84155	0.924497	0.0755034	0.7053597
9618	-406.6929	-730.5414	323.8485	2.349095	2.393033	0.738688	0.261312	0.6563047
9624	-396.4288	-721.8805	325.4517	2.345085	0.5159105	0.875205	0.124795	0.595565
9630	-403.365	-728.0344	324.6694	2.348914	1.199608	0.908904	0.0910962	0.5277577
9636	-393.7584	-718.1186	324.3602	2.495584	1.397449	0.792851	0.207149	0.5277577
9642	-399.4551	-723.495	324.04	2.256445	2.278091	0.886067	0.113933	0.5277577
9648	-405.0458	-729.2058	324.1601	2.122623	1.999033	0.848602	0.151398	0.851531
9654	-413.2538	-736.7821	323.5283	2.122623	3.22332	0.766916	0.233084	0.9013347
9660	-404.3982	-728.3399	323.9417	2.27526	2.232375	0.93612	0.0638801	0.7657776
9666	-401.2231	-726.3456	325.1225	1.812731	1.077436	0.753096	0.246904	0.8808268
9672	-418.1766	-743.1091	324.9325	1.86024	1.030348	0.505451	0.494549	1.073767
9678	-415.5147	-740.8567	325.3419	1.72948	0.7511473	0.668036	0.331964	1.098998
9684	-419.1644	-743.3661	324.2017	1.643543	1.753287	0.824526	0.175474	1.391766
9690	-397.8988	-721.9742	324.0753	2.309856	2.080374	0.568548	0.431452	0.6099797
9696	-399.817	-722.849	323.032	1.882941	5.785056	0.674485	0.325515	0.8268007
9702	-404.0617	-727.4902	323.4286	1.928391	3.428451	0.814243	0.185757	1.114218
9708	-385.1244	-709.3372	324.2129	1.654012	2.178004	0.928286	0.0717136	1.165696
9714	-383.357	-708.6658	325.3088	1.397091	0.6462399	0.951739	0.0482611	1.50859
9720	-393.3994	-718.9599	325.5605	1.625874	0.2230916	0.963601	0.0363992	1.74387
9726	-403.1531	-727.4906	324.3375	1.744938	1.30869	0.947328	0.0526721	1.457741
9732	-397.9798	-722.9258	324.9461	1.606473	0.821298	0.794281	0.205719	1.457741
9738	-398.5876	-723.6495	325.0619	1.901705	0.8256777	0.953172	0.046828	1.116179
9744	-387.3841	-712.707	325.3229	1.978303	0.640517	0.540699	0.459301	1.01838
9750	-399.3281	-723.4787	324.1506	1.897935	1.982774	0.800068	0.199932	1.10256
9756	-400.9721	-725.7177	324.7455	2.184024	1.10807	0.915423	0.0845771	0.8537293
9762	-397.9226	-721.9171	323.9945	1.95516	2.629967	0.818955	0.181045	0.8537293
9768	-411.0457	-735.6615	324.6158	1.989279	1.226106	0.938442	0.0615584	1.081814
9774	-396.5218	-719.7455	323.2237	1.972633	3.545471	0.949441	0.0505592	1.216383
9780	-417.4785	-739.5055	322.027	1.816058	8.707544	0.872862	0.127138	1.274461
9786	-422.009	-743.2438	321.2348	1.770357	12.74712	0.993146	0.00685429	1.457899
9792	-409.8257	-734.1155	324.2898	1.771333	1.334747	0.92409	0.0759097	1.457899
9798	-416.1744	-740.2864	324.112	1.560516	0.986545	0.914177	0.0858232	1.955329
9804	-422.7932	-747.498	324.7048	1.431367	0.7086531	0.61163	0.38837	1.855263
9810	-407.1442	-731.1995	324.0553	1.423168	0.7522034	0.869208	0.130792	2.253973
9816	-418.0618	-741.9327	323.8709	1.803583	2.394378	0.779962	0.220038	1.232744
9822	-431.4693	-755.6158	324.1465	1.48116	0.6461402	0.807927	0.192073	2.246971
9828	-417.8794	-741.5809	323.7015	1.643693	1.473936	0.806947	0.193053	1.89253
9834	-393.8012	-718.3553	324.5541	1.727696	0.9134395	0.726515	0.273485	1.583113
9840	-412.5874	-737.5893	325.0019	1.834465	0.8861004	0.958112	0.0418881	1.168997
9846	-404.6961	-730.027	325.3309	2.040194	0.6435464	0.637749	0.362251	0.9427859
9852	-392.098	-717.3069	325.2088	2.052146	0.726807	0.592599	0.407401	0.9427859
9858	-398.8792	-723.3623	324.483	2.216119	1.40105	0.765237	0.234763	0.8327678
9864	-396.7943	-720.6771	323.8828	1.832	2.963672	0.83765	0.16235	0.9490285
9870	-382.6792	-706.3082	323.629	2.114628	2.963672	0.969843	0.0301574	0.9179831
9876	-384.3718	-709.3132	324.9414	1.402761	0.8397155	0.747082	0.252918	1.596959
9882	-390.6445	-715.0002	324.3557	1.668294	1.766365	0.669655	0.330345	1.240727
9888	-406.274	-730.3222	324.0481	1.801104	2.348263	0.843873	0.156127	1.100385
9894	-396.6942	-720.5925	323.8983	2.080649	2.420273	0.916141	0.0838589	0.9364993
9900	-401.6166	-725.5072	323.8906	1.943262	3.035158	0.859043	0.140957	0.7692908
9906	-394.6123	-718.8245	324.2122	2.110716	2.13093	0.930201	0.0697992	0.6845427
9912	-402.3622	-726.548	324.1858	2.390356	1.784429	0.931479	0.0685215	0.4365805
9918	-405.2906	-729.7267	324.4361	2.295562	1.566782	0.764571	0.235429	0.5067374
9924	-409.0819	-734.1379	325.056	1.89083	0.5849028	0.722498	0.277502	1.391517
9930	-410.7859	-735.4945	324.7085	2.314775	1.177982	0.76153	0.23847	0.5933367
9936	-417.2165	-741.5298	324.3133	1.95175	1.77198	0.508333	0.491667	1.020805
9942	-389.0912	-714.4151	325.3239	2.088139	0.8041274	0.57278	0.42722	0.5566856
9948	-390.8947	-715.8897	324.995	2.186999	1.00416	0.793791	0.206209	0.6062552
9954	-377.8207	-703.7698	325.9492	2.102729	0.325328	0.746064	0.253936	0.7856308
9960	-396.7639	-721.8647	325.1008	1.84154	0.8853484	0.830958	0.169042	1.074073
9966	-415.3042	-739.6721	324.3678	1.652957	1.290648	0.828706	0.171294	1.51535
9972	-407.5964	-732.9376	325.3411	1.453774	0.5683418	0.879607	0.120393	1.52597
9978	-410.2135	-734.3314	324.1179	1.474706	1.873677	0.949473	0.0505273	1.52597
9984	-418.869	-743.8488	324.9799	1.291753	0.8886106	0.946264	0.0537359	1.610064
9990	-402.6596	-726.6476	323.988	1.628899	0.8585926	0.747294	0.252706	2.082738
9996	-405.3721	-729.5439	324.1719	1.789671	0.8585926	0.928875	0.0711248	1.851594
10002	-406.1594	-730.301	324.1416	2.31455	1.902894	0.891696	0.108304	0.6840081
10008	-414.1471	-736.259	322.1119	1.393661	3.998386	0.934125	0.0658745	2.300309
10014	-429.4302	-752.6358	323.2056	2.468112	3.628381	0.883709	0.116291	0.3778186
10020	-405.8775	-730.8681	324.9906	2.482029	0.755455	0.666144	0.333856	0.4570081
10026	-418.2102	-741.0763	322.8661	2.298963	5.389444	0.982445	0.0175549	0.5301253
10032	-405.5052	-729.5814	324.0762	2.293657	2.129434	0.824474	0.175526	0.4365237
10038	-416.2207	-741.263	325.0423	1.728781	0.9745522	0.590058	0.409942	1.144182
10044	-405.7429	-729.3445	323.6015	1.543753	1.525147	0.95131	0.04869	2.001729
10050	-418.7932	-743.735	324.9418	1.818168	1.116297	0.678303	0.321697	1.027238
10056	-420.5729	-746.0681	325.4951	1.818168	0.6048763	0.787666	0.212334	1.055481
10062	-440.7776	-766.1405	325.3629	1.765292	0.829429	0.959014	0.0409861	0.9523957
10068	-428.9301	-754.0509	325.1208	1.799013	1.090561	0.615961	0.384039	0.8843794
10074	-417.7352	-742.1024	324.3672	2.13398	1.359677	0.951628	0.0483721	1.076137
10080	-423.3697	-748.4692	325.0995	1.373165	0.9156731	0.690234	0.309766	1.438656
10086	-411.6645	-737.3417	325.6772	1.544548	0.3021549	0.64182	0.35818	1.574584
10092	-406.5587	-731.9001	325.3414	1.88966	0.4326339	0.880743	0.119257	1.364468
10098	-398.0362	-722.6952	324.6589	1.771286	0.885905	0.928262	0.071738	1.495243
10104	-396.9149	-720.5727	323.6578	2.269559	2.064237	0.893978	0.106022	1.168533
10110	-394.4665	-718.8929	324.4264	1.658839	1.598609	0.933328	0.0666723	1.283341
10116	-414.7428	-739.2263	324.4835	1.845799	1.598609	0.759997	0.240003	1.070745
10122	-388.9791	-714.1228	325.1437	1.779066	0.7140534	0.954983	0.0450174	1.268328
10128	-382.5054	-707.4814	324.976	1.875232	0.8773898	0.979073	0.0209267	1.16434
10134	-385.6944	-709.5133	323.8188	1.648494	1.649085	0.915571	0.0844286	1.721829
10140	-407.89	-730.5624	322.6724	1.325501	3.272914	0.823995	0.176005	2.153424
10146	-413.7425	-738.7098	324.9672	1.779576	0.5315925	0.781894	0.218106	1.603098
10152	-409.042	-732.7904	323.7483	1.644035	2.574927	0.585456	0.414544	1.388749
10158	-408.8721	-733.3137	324.4416	1.565305	1.417325	0.639131	0.360869	1.449852
10164	-397.3711	-721.493	324.1219	1.565305	1.301509	0.882348	0.117652	1.74952
10170	-408.7836	-733.007	324.2234	1.631165	2.231497	0.739161	0.260839	1.150994
10176	-395.7136	-719.4235	323.71	1.951116	2.231497	0.739678	0.260322	1.313926
10182	-402.9866	-727.1868	324.2002	1.913286	2.231497	0.917594	0.0824055	0.8966441
10188	-403.6646	-726.3309	322.6662	1.267607	2.038484	0.868355	0.131645	2.56601
10194	-406.8985	-730.5165	323.618	1.267137	2.105188	0.86576	0.13424	1.928497
10200	-407.0298	-730.7222	323.6923	1.495245	2.582648	0.917694	0.0823055	1.541454
10206	-409.7877	-734.3218	324.534	1.674098	1.186372	0.720231	0.279769	1.440827
10212	-413.3612	-737.8103	324.449	1.487916	1.186372	0.763994	0.236006	1.641647
10218	-399.3701	-724.1726	324.8025	1.713115	0.650407	0.821976	0.178024	1.643756
10224	-404.8872	-730.2646	325.3774	2.123018	0.612622	0.54646	0.45354	0.8453495
10230	-410.1095	-735.1296	325.0201	2.104897	0.8775213	0.887901	0.112099	0.8969434
10236	-427.9204	-751.7487	323.8283	1.807015	3.194327	0.926407	0.0735928	0.9313679
10242	-404.917	-729.494	324.5771	1.871492	1.530041	0.771629	0.228371	1.002646
10248	-414.4921	-738.5998	324.1078	2.037425	1.279073	0.890669	0.109331	1.428381
10254	-409.4718	-734.3471	324.8752	1.73687	1.424097	0.815101	0.184899	0.9138926
10260	-421.8943	-747.4932	325.5989	1.995567	0.3716173	0.943488	0.0565116	1.160373
10266	-411.4305	-736.4008	324.9703	1.962173	1.064029	0.947437	0.052563	0.8985979
10272	-389.323	-715.4121	326.0891	1.919092	0.2868234	0.69475	0.30525	0.943186
10278	-389.681	-715.8233	326.1423	2.120617	0.2035379	0.973846	0.0261538	0.9066395
10284	-386.8033	-711.8299	325.0266	2.215637	0.8696868	0.918976	0.0810236	0.7594951
10290	-386.726	-711.337	324.6109	1.965444	1.56606	0.875977	0.124023	0.8333593
10296	-399.0766	-724.1386	325.062	2.065981	0.9243555	0.734655	0.265345	0.8333593
10302	-384.728	-709.9381	325.2101	1.98543	0.8622874	0.840648	0.159352	0.8333593
10308	-390.0892	-714.1721	324.0829	1.618604	1.837634	0.848409	0.151591	1.460977
10314	-409.9558	-734.8457	324.89	1.618586	1.379368	0.967695	0.0323047	1.054552
10320	-403.6879	-728.2436	324.5557	1.824278	1.457961	0.940821	0.0591791	1.117906
10326	-403.4674	-727.5756	324.1082	2.470806	1.683544	0.842692	0.157308	0.7146666
10332	-403.4452	-727.7602	324.315	2.070965	1.74136	0.725906	0.274094	0.9163404
10338	-404.8582	-729.3136	324.4553	1.924501	1.774878	0.902492	0.0975084	0.8988999
10344	-404.7507	-729.5847	324.8339	1.943381	1.306634	0.864985	0.135015	0.8288278
10350	-413.0239	-737.6051	324.5812	1.590327	1.288989	0.85276	0.14724	1.401634
10356	-404.5435	-729.6752	325.1317	1.633603	0.6847277	0.856269	0.143731	1.424061
10362	-409.6454	-734.6467	325.0013	1.95766	1.038845	0.870092	0.129908	0.8960746
10368	-404.2129	-729.0613	324.8484	2.141462	1.156736	0.812111	0.187889	0.7075246
10374	-403.0634	-727.0121	323.9487	2.007513	2.844262	0.735487	0.264513	0.7075246
10380	-390.4665	-714.9559	324.4894	2.237374	1.430939	0.894921	0.105079	0.765146
10386	-409.707	-732.0979	322.3909	2.277688	7.469188	0.940429	0.059571	0.6100627
10392	-404.3696	-728.7697	324.4001	1.931528	2.039641	0.907796	0.0922042	0.7552844
10398	-419.3417	-745.1557	325.8141	1.931528	0.3707809	0.987644	0.0123564	1.02238
10404	-416.2122	-742.1262	325.9139	1.691913	0.4352723	0.723208	0.276792	1.037873
10410	-418.4369	-742.9971	324.5602	1.85465	1.550132	0.877525	0.122475	1.021641
10416	-402.5423	-727.8408	325.2986	1.534243	0.7073516	0.849443	0.150557	1.348123
10422	-400.2027	-724.2749	324.0722	1.596251	1.662086	0.963892	0.0361082	1.571001
10428	-412.8795	-737.3549	324.4753	1.877061	1.332064	0.919368	0.0806315	1.227236
10434	-408.8091	-732.1986	323.3895	1.654865	3.212582	0.934733	0.0652674	1.441594
10440	-406.9996	-731.8721	324.8725	1.797987	1.122795	0.758706	0.241294	1.105873
10446	-404.6838	-729.4482	324.7644	2.052261	1.122795	0.905491	0.0945093	0.9642637
10452	-416.873	-739.5928	322.7197	1.646983	5.432121	0.915488	0.084512	1.414395
10458	-424.183	-747.9394	323.7565	1.787053	2.74433	0.790817	0.209183	1.200847
10464	-423.3558	-747.9953	324.6395	1.83105	1.448432	0.918061	0.0819391	1.040112
10470	-409.2613	-733.5189	324.2576	1.975736	1.914314	0.755521	0.244479	0.9629563
10476	-411.1632	-734.6163	323.453	1.863471	3.383726	0.842755	0.157245	1.165537
10482	-413.5147	-736.8217	323.307	1.816426	2.807259	0.910227	0.0897729	1.511781
10488	-413.1354	-736.6095	323.4742	1.615868	3.035225	0.911664	0.088336	1.462365
10494	-401.2445	-724.1535	322.909	1.641841	4.554894	0.788234	0.211766	1.462365
10500	-398.6357	-724.5622	325.9266	1.448151	0.3621269	0.844072	0.155928	1.358944
10506	-409.0747	-733.6911	324.6164	1.590332	0.2736254	0.786106	0.213894	2.307216
10512	-414.2287	-737.2741	323.0454	1.344206	2.769435	0.813449	0.186551	2.036101
10518	-406.6956	-730.8778	324.1823	1.844917	1.100242	0.900983	0.0990171	1.632767
10524	-412.6271	-737.376	324.7489	1.639536	1.014801	0.767048	0.232952	1.425093
10530	-413.6913	-735.7772	322.0859	1.566857	8.711593	0.891955	0.108045	1.425093
10536	-420.5906	-744.6212	324.0306	1.806656	2.254349	0.932486	0.0675138	1.155473
10542	-426.9941	-751.5927	324.5986	1.925849	1.552656	0.862305	0.137695	0.9057927
10548	-407.9253	-731.9048	323.9795	1.703205	2.069682	0.799467	0.200533	1.368189
10554	-419.3595	-743.3493	323.9898	2.000913	2.069682	0.962533	0.0374666	1.109334
10560	-403.794	-727.9777	324.1837	1.683526	1.614999	0.933963	0.0660366	1.446506
10566	-391.8929	-716.366	324.4731	1.923074	1.558772	0.877662	0.122338	1.033868
10572	-395.0603	-718.9751	323.9147	1.618795	0.9959238	0.703739	0.296261	2.04172
10578	-386.4032	-710.8624	324.4592	1.663346	0.7066395	0.888332	0.111668	1.866335
10584	-380.7946	-704.3493	323.5547	1.568064	1.092516	0.822209	0.177791	2.248608
10590	-388.35	-713.2853	324.9353	1.45767	0.565101	0.642463	0.357537	1.816583
10596	-396.9857	-719.9869	323.0011	1.898014	3.140913	0.861382	0.138618	1.572042
10602	-399.3323	-723.0811	323.7488	1.600101	2.185903	0.982087	0.017913	1.572042
10608	-400.3858	-725.0992	324.7134	1.704946	0.5028502	0.742627	0.257373	1.866637
10614	-392.1189	-716.0934	323.9745	1.664124	1.801876	0.774666	0.225334	1.525233
10620	-406.9695	-730.8216	323.8521	1.80767	1.777588	0.945916	0.0540845	1.521045
10626	-389.0208	-712.0929	323.072	1.473058	2.656646	0.910743	0.0892571	1.967083
10632	-403.1921	-727.6968	324.5047	1.764779	1.566672	0.97608	0.0239204	1.145793
10638	-399.3014	-723.6856	324.3842	1.816324	1.54973	0.80098	0.19902	1.216049
10644	-404.7111	-728.8183	324.1072	1.993434	1.964906	0.690745	0.309255	1.06403
10650	-392.902	-717.2714	324.3694	1.982458	2.028913	0.735513	0.264487	0.7339488
10656	-393.0066	-717.228	324.2213	2.027294	2.257996	0.717623	0.282377	0.6936122
10662	-397.4967	-721.6778	324.1811	1.763417	1.684506	0.970372	0.0296277	1.349353
10668	-394.7469	-718.5755	323.8286	1.746926	3.316962	0.798557	0.201443	0.9430971
10674	-393.5792	-717.7548	324.1756	1.971363	2.278783	0.714869	0.285131	0.8267241
10680	-391.6703	-715.9154	324.2451	2.046997	2.01724	0.79871	0.20129	0.8267241
10686	-398.7134	-722.9166	324.2031	2.033701	1.815547	0.740631	0.259369	1.0212
10692	-388.581	-713.3435	324.7625	1.757987	1.430063	0.711709	0.288291	1.004922
10698	-400.2269	-723.4981	323.2712	1.431451	4.269637	0.854713	0.145287	1.413997
10704	-402.4339	-726.6695	324.2356	1.640168	1.664175	0.744507	0.255493	1.413997
10710	-402.1275	-725.054	322.9266	1.686602	4.540327	0.730234	0.269766	1.418024
10716	-384.5768	-708.0207	323.4439	1.72965	2.73581	0.876751	0.123249	1.49852
10722	-384.7985	-709.0519	324.2533	1.620958	1.343265	0.904046	0.095954	1.591871
10728	-399.35	-724.0374	324.6873	1.702758	1.186043	0.80715	0.19285	1.297652
10734	-391.2828	-714.0826	322.7998	1.475898	6.368021	0.938475	0.0615251	1.3049
10740	-421.9001	-746.9518	325.0517	1.779754	0.8515215	0.616508	0.383492	1.206415
10746	-409.3937	-733.332	323.9384	1.814209	2.56562	0.907892	0.092108	1.089592
10752	-385.9047	-709.5858	323.6811	2.004293	3.163235	0.816491	0.183509	0.8897813
10758	-394.6783	-717.9547	323.2763	1.624307	3.236541	0.775825	0.224175	1.542442
10764	-414.6325	-738.9053	324.2729	1.774183	2.3377	0.854532	0.145468	0.9082563
10770	-393.4849	-717.1783	323.6933	2.147867	2.80166	0.674626	0.325374	0.8882868
10776	-386.6609	-711.4591	324.7982	2.038408	1.197781	0.916329	0.0836707	0.8684542
10782	-382.6159	-707.4972	324.8812	2.370375	0.9005423	0.797586	0.202414	0.6896664
10788	-390.2137	-715.0325	324.8188	1.78005	1.46248	0.878787	0.121213	0.8963023
10794	-387.5817	-711.7084	324.1267	1.891625	2.414598	0.691658	0.308342	0.8963023
10800	-389.0847	-713.1766	324.0918	2.00858	2.611293	0.75654	0.24346	0.6339222
10806	-389.1362	-713.9483	324.8121	2.087646	1.287784	0.801368	0.198632	0.6658646
10812	-416.521	-740.3551	323.834	1.752635	1.639407	0.686246	0.313754	1.641617
10818	-417.9784	-741.6667	323.6883	1.782275	2.947373	0.967086	0.0329145	1.186163
10824	-407.9341	-732.5651	324.631	1.913235	1.570974	0.907981	0.0920188	0.8681579
10830	-406.8285	-731.7489	324.9203	1.913235	1.076006	0.881379	0.118621	0.991575
10836	-395.2355	-718.9579	323.7224	1.940495	2.946914	0.760666	0.239334	1.00938
10842	-408.4904	-732.4734	323.983	2.200324	2.117234	0.898541	0.101459	0.8886518
10848	-408.8199	-733.2816	324.4618	1.857214	0.969003	0.880085	0.119915	1.512687
10854	-409.8266	-734.0937	324.2671	1.73298	0.9931502	0.969555	0.0304447	1.725772
10860	-403.6781	-727.803	324.1249	1.631158	1.932411	0.952861	0.0471393	1.373842
10866	-425.3444	-749.9057	324.5613	1.737441	1.327503	0.88073	0.11927	1.274979
10872	-399.7579	-724.4063	324.6483	1.860635	1.02496	0.892396	0.107604	1.322448
10878	-403.8486	-728.0927	324.2441	2.03125	1.560321	0.74275	0.25725	1.144551
10884	-401.303	-726.8689	325.5659	1.956442	0.5270864	0.867594	0.132406	0.9653029
10890	-399.2984	-724.2085	324.9101	1.816846	0.8648727	0.838956	0.161044	1.281279
10896	-399.978	-724.5056	324.5276	1.911244	1.406216	0.786387	0.213613	1.100122
10902	-407.4689	-733.0998	325.6309	1.453846	0.5551299	0.861337	0.138663	1.317819
10908	-406.8379	-731.9768	325.1389	1.638819	0.9678847	0.697398	0.302602	1.144387
10914	-409.9293	-734.9599	325.0306	2.038256	0.4954495	0.831832	0.168168	1.405755
10920	-414.5668	-739.6697	325.1028	1.969652	0.7688957	0.925772	0.0742276	1.077898
10926	-409.8348	-734.0812	324.2464	1.609825	1.350224	0.89588	0.10412	1.60097
10932	-402.6936	-726.7502	324.0567	1.611451	1.650763	0.860601	0.139399	1.57691
10938	-411.4149	-735.0651	323.6502	1.49912	1.023566	0.591483	0.408517	2.274001
10944	-396.2839	-721.7344	325.4505	1.92134	0.4250754	0.565734	0.434266	1.261955
10950	-394.5213	-719.557	325.0357	1.259261	0.5400634	0.989295	0.010705	1.909911
10956	-407.9426	-733.8972	325.9547	1.667497	0.4753498	0.605692	0.394308	0.950229
10962	-419.3688	-744.1684	324.7995	1.491849	0.4014801	0.924096	0.0759039	2.072474
10968	-409.5847	-733.0457	323.461	1.241731	2.046347	0.790602	0.209398	2.072474
10974	-406.5145	-730.0111	323.4966	1.559173	1.501509	0.956743	0.0432574	2.072474
10980	-397.8254	-722.283	324.4576	1.582263	1.413416	0.84852	0.15148	1.426856
10986	-395.1043	-719.011	323.9067	1.786347	1.683592	0.875409	0.124591	1.542211
10992	-394.9109	-720.1403	325.2294	1.684057	0.6575143	0.852958	0.147042	1.336551
10998	-400.6309	-724.1776	323.5467	1.667731	3.590134	0.730607	0.269393	1.186741
11004	-402.8421	-726.6952	323.8531	1.774214	2.094306	0.62421	0.37579	1.400579
11010	-408.2719	-732.4904	324.2185	1.694778	2.045464	0.838636	0.161364	1.190097
11016	-410.2669	-733.2309	322.964	1.708075	5.114876	0.836179	0.163821	1.237523
11022	-405.1712	-727.0336	321.8624	1.679948	10.85082	0.941529	0.058471	1.237523
11028	-404.5077	-728.2922	323.7845	2.425936	2.428099	0.972551	0.027449	0.574304
11034	-398.8417	-723.3511	324.5094	2.471154	1.208835	0.865279	0.134721	0.3852018
11040	-399.5351	-723.4198	323.8846	1.718399	2.21416	0.789181	0.210819	1.367666
11046	-408.5242	-732.7326	324.2084	1.819446	1.372797	0.814169	0.185831	1.460206
11052	-424.5472	-749.5299	324.9827	1.912306	0.7894565	0.765803	0.234197	1.21357
11058	-423.363	-746.7549	323.3919	1.805263	3.55197	0.934769	0.0652313	1.21357
11064	-418.8917	-742.6534	323.7618	1.462575	1.803833	0.919557	0.080443	1.82012
11070	-419.3194	-740.9137	321.5943	1.568627	4.504437	0.912644	0.0873559	2.41476
11076	-413.4485	-738.9942	325.5457	1.592515	0.4125567	0.580182	0.419818	1.465071
11082	-393.082	-717.4979	324.4159	1.480748	0.4454857	0.597291	0.402709	2.275861
11088	-409.5442	-734.2084	324.6642	2.014824	0.8970751	0.92752	0.0724803	1.29151
11094	-415.8758	-741.6836	325.8079	2.058694	0.2783044	0.482741	0.517259	1.102212
11100	-401.6497	-726.38	324.7303	2.171446	1.039427	0.908938	0.0910619	0.9575765
11106	-398.4063	-722.7999	324.3936	2.106615	1.814697	0.870082	0.129918	0.7033521
11112	-388.8098	-713.5288	324.719	2.106615	1.048843	0.814342	0.185658	1.025164
11118	-393.8221	-718.2563	324.4342	1.675443	1.377927	0.786286	0.213714	1.394162
11124	-406.8996	-731.5436	324.644	1.677377	1.149917	0.697936	0.302064	1.378153
11130	-409.2101	-734.3485	325.1384	1.757688	0.7512282	0.957084	0.042916	1.251618
11136	-405.2001	-729.3083	324.1083	1.566605	1.660665	0.969141	0.0308594	1.567007
11142	-414.5648	-740.1065	325.5416	1.536346	0.7849396	0.979495	0.0205047	1.05453
11148	-408.8124	-732.882	324.0696	1.707645	2.40936	0.932778	0.067222	1.137201
11154	-406.5585	-731.811	325.2525	1.867904	0.6799533	0.805292	0.194708	1.137201
11160	-388.2495	-713.1229	324.8734	1.435988	0.8445674	0.844606	0.155394	1.618192
11166	-400.8294	-723.1776	322.3481	1.787904	4.605134	0.851244	0.148756	1.752775
11172	-406.0213	-730.2819	324.2606	1.81915	1.794071	0.853373	0.146627	1.178001
11178	-411.7697	-737.2484	325.4787	1.603639	0.5362042	0.81314	0.18686	1.343283
11184	-395.331	-719.4434	324.1124	1.943528	1.909009	0.971246	0.0287536	1.135859
11190	-385.6539	-710.4128	324.7589	1.715635	1.073781	0.90394	0.0960602	1.31227
11196	-397.4091	-722.5767	325.1676	2.089184	0.458999	0.977669	0.0223311	1.306138
11304	-415.9906	-740.3241	324.3334	1.747837	2.220934	0.654653	0.345347	0.9383301
11310	-385.2707	-710.5444	325.2736	1.757086	0.775782	0.904891	0.0951094	1.108712
11316	-402.2434	-726.8285	324.5851	2.351998	1.070804	0.764054	0.235946	0.8860301
11322	-391.9019	-715.9261	324.0242	1.883096	2.222934	0.764875	0.235125	1.107826
11328	-406.8987	-731.5042	324.6054	1.843613	1.433814	0.746843	0.253157	1.071095
11334	-394.4189	-718.5364	324.1175	1.927032	2.324366	0.576006	0.423994	0.9187295
11340	-390.3001	-715.0279	324.7278	1.663268	1.239666	0.866089	0.133911	1.258762
