Iteration	Posterior	Likelihood	Prior	rate_log_sd	rate_loss	root_freqs[1]	root_freqs[2]	tree_length
0	-406.4072	-730.4607	324.0535	2.307879	1.828294	0.818262	0.181738	0.8812051
6	-390.4709	-715.5068	325.0359	1.721046	0.4617	0.677187	0.322813	1.679402
12	-394.8711	-720.4335	325.5624	1.722653	0.5352412	0.818912	0.181088	1.176297
18	-403.3541	-727.0199	323.6658	1.371948	0.7326496	0.78257	0.21743	2.547806
24	-395.1882	-719.2784	324.0901	1.315744	1.245829	0.895459	0.104541	1.973632
30	-394.1001	-717.1049	323.0049	1.72222	5.294431	0.82207	0.17793	1.14815
36	-401.7486	-726.2829	324.5343	2.143922	1.390808	0.489604	0.510396	0.8678318
42	-391.4394	-717.4798	326.0404	1.923997	0.319418	0.843814	0.156186	0.9086939
48	-396.534	-720.6663	324.1323	1.395242	0.7203467	0.946786	0.053214	2.248083
54	-395.5989	-719.3016	323.7027	1.478253	1.630213	0.813707	0.186293	1.928063
60	-387.6576	-711.275	323.6174	1.579798	2.158032	0.93807	0.0619302	1.692464
66	-400.7512	-724.7772	324.026	1.625885	1.077478	0.882928	0.117072	1.909359
72	-398.0836	-723.0476	324.964	1.513512	1.077478	0.961868	0.0381319	1.306997
78	-408.9316	-733.1614	324.2298	1.285163	0.9922096	0.861294	0.138706	2.056467
84	-413.7707	-737.9969	324.2263	1.498917	1.318727	0.903067	0.0969327	1.712944
90	-405.0228	-729.4188	324.3961	1.83854	1.312831	0.873834	0.126166	1.336569
96	-431.7446	-756.5145	324.7699	1.844408	1.196529	0.736472	0.263528	1.096974
102	-403.1639	-727.5443	324.3803	1.971487	1.762515	0.749633	0.250367	0.9384297
108	-393.6063	-718.8648	325.2586	1.839658	0.9695832	0.931656	0.0683443	0.8111966
114	-398.8818	-723.2549	324.3731	2.205486	1.587518	0.951573	0.0484271	0.8111966
120	-383.8653	-708.2956	324.4303	2.205486	1.587518	0.869465	0.130535	0.7296358
126	-401.1821	-725.7923	324.6102	2.170125	1.409092	0.66574	0.33426	0.7076773
132	-403.2705	-726.9804	323.7099	1.344041	0.8349558	0.894878	0.105122	2.461031
138	-404.1105	-727.7376	323.6271	1.065791	0.8349558	0.7418	0.2582	2.685141
144	-415.0115	-740.0759	325.0644	2.412562	0.7415854	0.775253	0.224747	0.5974249
150	-412.1912	-737.1828	324.9916	1.348885	0.3417385	0.962536	0.0374641	2.119759
156	-410.6074	-736.5022	325.8948	1.483089	0.2062501	0.760111	0.239889	1.642206
162	-398.1852	-724.0427	325.8575	1.689833	0.5412616	0.948614	0.0513864	0.9146712
168	-415.7166	-741.1981	325.4815	1.895534	0.5966076	0.722226	0.277774	1.005235
174	-421.6651	-747.4965	325.8314	1.961735	0.4442723	0.823629	0.176371	0.8155116
180	-401.7688	-726.2896	324.5208	1.961735	0.7375474	0.861032	0.138968	1.584972
186	-408.64	-733.0429	324.4029	1.272235	0.6505023	0.89983	0.10017	2.212492
192	-420.3161	-745.3755	325.0594	1.937838	0.9845045	0.7214	0.2786	0.9134945
198	-421.8676	-746.1735	324.3059	1.631636	1.718232	0.900357	0.0996428	1.337101
204	-408.5644	-733.1947	324.6303	1.750873	1.069622	0.74303	0.25697	1.389519
210	-418.9612	-742.1459	323.1847	1.598092	3.257486	0.934401	0.0655995	1.622493
216	-408.739	-733.8849	325.1459	1.844962	0.7148162	0.930428	0.0695717	1.210443
222	-393.0181	-717.9678	324.9496	1.720895	0.464865	0.75842	0.24158	1.736584
228	-402.1436	-726.1264	323.9828	1.840636	2.693529	0.913604	0.0863964	0.9613484
234	-398.3849	-722.7615	324.3766	1.93013	1.052822	0.782593	0.217407	1.459208
240	-419.059	-744.7117	325.6526	1.58029	0.4258176	0.858815	0.141185	1.372869
246	-407.4922	-731.8615	324.3693	1.291991	1.270233	0.87112	0.12888	1.785592
252	-388.301	-712.5293	324.2283	1.610938	2.025119	0.85164	0.14836	1.262548
258	-383.4499	-708.5948	325.1449	2.038519	0.9223068	0.839989	0.160011	0.7618852
264	-383.3698	-707.4932	324.1234	1.695479	1.942382	0.793991	0.206009	1.31907
270	-412.5313	-735.7904	323.2591	1.657244	3.540507	0.869174	0.130826	1.44255
276	-416.6844	-741.3517	324.6672	1.603702	1.523435	0.754722	0.245278	1.171803
282	-416.3579	-741.7242	325.3663	1.634388	0.7123039	0.758645	0.241355	1.204763
288	-405.3339	-729.1427	323.8088	1.502163	2.811179	0.975631	0.0243687	1.366737
294	-397.5907	-721.4906	323.8998	2.381056	2.095057	0.920815	0.0791853	0.7825211
300	-393.2036	-717.1512	323.9476	2.247183	1.854963	0.795713	0.204287	1.038001
306	-387.2377	-711.8641	324.6263	2.023475	1.437795	0.794018	0.205982	0.8586914
312	-401.9218	-725.9919	324.0701	2.089446	2.093655	0.843705	0.156295	0.9298619
318	-391.9764	-717.1904	325.214	1.869972	0.6575326	0.808286	0.191714	1.195469
324	-398.1849	-722.3781	324.1932	1.58702	1.354012	0.696221	0.303779	1.65366
330	-419.0054	-745.5238	326.5184	1.783011	0.1881878	0.482001	0.517999	0.9154725
336	-398.9223	-724.7785	325.8562	1.94322	0.407127	0.591	0.409	0.8909728
342	-404.3007	-729.0664	324.7656	2.152101	1.067689	0.755948	0.244052	0.9111444
348	-402.2078	-727.8374	325.6296	2.152101	0.3850031	0.79972	0.20028	0.9571253
354	-424.367	-749.989	325.622	1.805702	0.5847652	0.598191	0.401809	0.9715794
360	-437.1796	-762.9811	325.8015	1.934149	0.3910664	0.95848	0.04152	0.9920812
366	-410.9015	-737.5556	326.6541	1.934149	0.1208203	0.717923	0.282077	0.8542311
372	-416.3307	-741.8959	325.5653	1.926498	0.3219267	0.649811	0.350189	1.334297
378	-411.4529	-736.9853	325.5324	1.880459	0.1755895	0.686097	0.313903	1.684523
384	-403.7327	-730.0192	326.2866	1.595374	0.1938775	0.592767	0.407233	1.286659
390	-409.5135	-735.2101	325.6966	1.608324	0.4058062	0.939741	0.0602587	1.345598
396	-414.2235	-738.0717	323.8482	1.752321	2.06232	0.903476	0.096524	1.43531
402	-435.5534	-758.2274	322.674	1.812637	4.346614	0.952206	0.047794	1.558406
408	-420.8952	-744.0571	323.1619	1.836729	3.992197	0.941493	0.0585073	1.249787
414	-411.7697	-737.0298	325.2601	1.836729	0.8086596	0.52969	0.47031	1.008933
420	-404.1906	-729.1129	324.9223	2.043685	0.9471703	0.71718	0.28282	0.9869262
426	-401.1222	-726.5088	325.3866	2.233778	0.6238417	0.928001	0.0719992	0.6317749
432	-403.4597	-727.4542	323.9945	1.949333	2.77988	0.968251	0.031749	0.7711423
438	-421.3349	-746.9114	325.5765	1.749765	0.2155713	0.680357	0.319643	1.659882
444	-409.0656	-733.6054	324.5398	1.665002	0.7971466	0.664968	0.335032	1.731909
450	-413.2849	-736.4578	323.1729	1.643327	2.813765	0.828695	0.171305	1.731909
456	-398.2792	-723.2788	324.9996	1.594608	0.5143083	0.826427	0.173573	1.731909
462	-398.8666	-723.9141	325.0475	1.594608	0.5143083	0.965276	0.0347238	1.698063
468	-404.9801	-728.9203	323.9402	1.646089	1.098882	0.877696	0.122304	1.940078
474	-418.2391	-740.5338	322.2946	1.803422	7.795204	0.824298	0.175702	1.20235
480	-401.3586	-725.6366	324.278	1.489979	1.61878	0.82678	0.17322	1.519359
486	-415.5123	-740.1581	324.6458	1.814875	1.61878	0.68134	0.31866	0.9247422
492	-401.9932	-725.2527	323.2595	2.085999	3.726255	0.933433	0.0665669	1.021735
498	-413.5342	-739.4263	325.8921	1.843036	0.3762989	0.92206	0.0779402	1.021735
504	-411.7841	-736.2961	324.512	2.320135	1.419489	0.927161	0.0728394	0.5666576
510	-403.8821	-728.8363	324.9542	2.078777	1.074296	0.876046	0.123954	0.7591619
516	-404.1109	-728.2332	324.1223	2.245416	2.146565	0.950094	0.0499062	0.5269457
522	-408.8978	-732.8474	323.9496	2.31531	2.339707	0.846905	0.153095	0.4814322
528	-398.9121	-723.2197	324.3076	2.350899	1.671797	0.91696	0.0830402	0.4837966
534	-397.3952	-722.2297	324.8345	2.416266	0.9504546	0.859744	0.140256	0.448696
540	-397.3454	-721.32	323.9746	2.206026	1.902547	0.907251	0.0927494	1.023296
546	-385.5625	-709.9038	324.3413	1.759355	1.962517	0.890026	0.109974	1.065366
552	-408.6102	-733.7931	325.1829	2.28498	0.7619457	0.868034	0.131966	0.5198711
558	-415.3679	-739.305	323.9371	2.26397	2.465378	0.771912	0.228088	0.5198711
564	-392.0068	-716.8249	324.8181	1.881918	1.13635	0.905069	0.0949307	1.067043
570	-397.3475	-721.6551	324.3076	1.879477	2.083118	0.892511	0.107489	0.906119
576	-402.6157	-727.2985	324.6828	1.561827	1.312742	0.880458	0.119542	1.328645
582	-401.0988	-725.4304	324.3317	1.774698	1.025852	0.886861	0.113139	1.626911
588	-396.1923	-721.9143	325.7221	2.142685	0.4334059	0.853701	0.146299	0.7430116
594	-399.8288	-724.1551	324.3263	2.318519	1.494523	0.900974	0.099026	0.8120206
600	-411.1731	-736.4647	325.2915	2.134759	0.7761965	0.788529	0.211471	0.6202927
606	-407.3824	-732.4254	325.043	2.114962	0.906417	0.87864	0.12136	0.8196966
612	-404.3045	-729.5937	325.2892	2.542906	0.5002451	0.794551	0.205449	0.4450954
618	-409.0732	-733.6921	324.6189	2.346663	1.217086	0.973631	0.0263687	0.6531821
624	-420.961	-746.506	325.545	2.410955	0.4326591	0.576716	0.423284	0.5052842
630	-415.0615	-741.0216	325.9601	2.199694	0.3282363	0.730734	0.269266	0.5520339
636	-408.7854	-733.1424	324.357	2.024688	1.892773	0.788348	0.211652	0.8071345
642	-406.2054	-731.8718	325.6664	2.17283	0.4420025	0.438971	0.561029	0.7579072
648	-403.2261	-728.1339	324.9078	2.124894	1.143399	0.949346	0.0506542	0.6487077
654	-417.0475	-741.895	324.8475	1.814915	1.517147	0.668081	0.331919	0.7653981
660	-417.2951	-742.7884	325.4933	2.186602	0.6000533	0.959325	0.0406748	0.5471453
666	-403.1693	-727.8767	324.7074	1.915621	1.614944	0.852017	0.147983	0.719276
672	-400.0125	-724.4621	324.4495	1.908262	1.769412	0.806486	0.193514	0.9271555
678	-390.6582	-715.1206	324.4624	1.918382	1.769412	0.856388	0.143612	0.9018533
684	-396.0978	-720.9474	324.8496	2.084196	1.240149	0.949435	0.050565	0.6772963
690	-378.3937	-703.6312	325.2375	1.665494	0.5754597	0.814639	0.185361	1.43632
696	-393.5263	-718.585	325.0587	2.08293	0.9523982	0.845549	0.154451	0.7765301
702	-397.9794	-722.9491	324.9698	2.122905	0.8498867	0.837416	0.162584	0.965164
708	-391.9895	-717.3769	325.3874	2.017006	0.6708591	0.855125	0.144875	0.8637305
714	-405.8063	-731.7901	325.9838	1.947727	0.3870137	0.799839	0.200161	0.7739964
720	-397.7499	-722.7667	325.0168	2.430496	0.7794342	0.644918	0.355082	0.4940585
726	-389.7443	-714.6898	324.9455	2.081943	1.107007	0.930339	0.0696607	0.7202603
732	-406.5395	-732.1527	325.6131	1.631607	0.7235396	0.958253	0.041747	0.96421
738	-395.4023	-720.2296	324.8274	1.601323	0.559598	0.877342	0.122658	1.797652
744	-410.2518	-733.8702	323.6184	1.370344	1.430994	0.689018	0.310982	2.150914
750	-416.1473	-741.0368	324.8895	1.192415	0.4500274	0.90726	0.0927404	2.150914
756	-418.101	-742.9316	324.8306	1.533281	0.5237392	0.843674	0.156326	1.880639
762	-412.3725	-737.991	325.6185	1.323154	0.2401333	0.822774	0.177226	1.880639
768	-412.6239	-737.001	324.3771	1.625668	1.512938	0.991673	0.00832715	1.39796
774	-409.8972	-733.1238	323.2266	1.625668	2.246786	0.705444	0.294556	1.898161
780	-412.7675	-737.2529	324.4854	1.536124	0.9494201	0.594853	0.405147	1.74213
786	-403.3487	-727.2475	323.8988	1.639863	2.521605	0.745149	0.254851	1.292694
792	-394.1309	-718.2348	324.1039	2.006165	1.51899	0.924388	0.0756117	1.309313
798	-400.6733	-725.7642	325.0908	1.973795	0.7863725	0.880151	0.119849	1.065512
804	-397.3736	-722.6281	325.2545	1.732812	1.042832	0.950976	0.0490245	0.8585911
810	-400.5201	-725.0934	324.5732	1.89833	1.235199	0.923136	0.0768638	1.194027
816	-401.6716	-726.3309	324.6593	1.918257	1.115524	0.813774	0.186226	1.194027
822	-408.3377	-732.4949	324.1572	1.930963	1.377617	0.788096	0.211904	1.411037
828	-418.6401	-741.9297	323.2896	1.757957	3.556031	0.981525	0.0184752	1.33551
834	-411.047	-734.5374	323.4904	2.058521	3.91901	0.929019	0.0709813	0.6901833
840	-395.4495	-718.7963	323.3468	2.345075	3.652169	0.807976	0.192024	0.5704259
846	-392.3418	-717.144	324.8022	2.17815	1.229153	0.855842	0.144158	0.5883857
852	-407.5007	-731.4	323.8994	2.407709	2.241392	0.880826	0.119174	0.4314526
858	-410.5896	-735.1819	324.5922	2.085193	1.602472	0.685694	0.314306	0.630755
864	-408.69	-733.0718	324.3818	1.391053	1.212122	0.731091	0.268909	1.742225
870	-395.3863	-720.0867	324.7004	1.959966	1.212122	0.792602	0.207398	1.040967
876	-397.1288	-722.0121	324.8833	1.99408	0.8361279	0.552901	0.447099	1.181921
882	-414.9831	-739.1996	324.2164	2.228384	1.737879	0.922243	0.0777567	0.8511054
888	-416.3243	-741.65	325.3257	1.822141	0.6534543	0.939053	0.0609471	1.144589
894	-423.4461	-747.5771	324.131	1.744854	1.656995	0.819532	0.180468	1.417674
900	-402.3018	-727.1928	324.891	1.821099	1.263354	0.979219	0.0207807	0.9448567
906	-409.9787	-734.6071	324.6284	1.886965	1.515384	0.887973	0.112027	0.9448567
912	-402.2655	-727.2844	325.0189	2.124851	0.9615856	0.775234	0.224766	0.7597987
918	-406.6243	-731.4651	324.8407	2.132123	0.9615856	0.802034	0.197966	0.9645781
924	-395.8111	-719.24	323.4288	1.825052	3.146113	0.829711	0.170289	1.297721
930	-411.5772	-737.3747	325.7975	1.786273	0.320309	0.818143	0.181857	1.26241
936	-413.8441	-738.0437	324.1996	1.491737	2.494927	0.919997	0.0800032	1.175219
942	-416.9049	-742.142	325.2371	1.786766	0.6936035	0.957241	0.0427593	1.205763
948	-411.868	-736.9834	325.1153	1.503839	0.2067246	0.81513	0.18487	2.157276
954	-403.0441	-727.7257	324.6816	1.665774	1.153255	0.76569	0.23431	1.355309
960	-409.2818	-734.8655	325.5837	1.733813	0.5299421	0.860784	0.139216	1.155247
966	-407.6917	-733.6574	325.9657	2.285533	0.2883084	0.724462	0.275538	0.4511822
972	-407.528	-732.7724	325.2444	2.130028	0.7970293	0.886974	0.113026	0.6790088
978	-406.0767	-731.181	325.1043	2.090209	0.9803678	0.873281	0.126719	0.6355748
984	-417.3236	-742.4069	325.0832	1.926392	0.9602745	0.78043	0.21957	0.9270402
990	-425.6676	-751.655	325.9873	2.036488	0.2536905	0.888263	0.111737	1.01168
996	-394.411	-719.3545	324.9434	2.0865	1.086398	0.856884	0.143116	0.746612
1002	-413.5258	-739.2479	325.7221	1.723622	0.4670479	0.886903	0.113097	1.134014
1008	-417.473	-743.7805	326.3075	1.558738	0.2114731	0.573569	0.426431	1.256606
1014	-405.6374	-730.0069	324.3695	1.951267	1.735946	0.971117	0.0288825	0.9887247
1020	-402.6909	-727.623	324.932	1.76571	0.6987013	0.761226	0.238774	1.461712
1026	-412.4025	-736.1079	323.7054	2.102971	1.571145	0.779888	0.220112	1.514096
1032	-417.098	-738.0983	321.0003	1.909544	13.60247	0.795275	0.204725	1.449163
1038	-397.7935	-720.0971	322.3035	1.745928	7.64893	0.726917	0.273083	1.267251
1044	-409.9259	-734.9256	324.9997	1.74478	1.113413	0.783207	0.216793	1.044789
1050	-404.0327	-728.9596	324.9269	1.711369	0.8499842	0.816299	0.183701	1.365931
1056	-393.0678	-718.0796	325.0119	1.93643	0.7242651	0.750161	0.249839	1.236244
1062	-396.4324	-720.3672	323.9348	1.772914	1.61337	0.894331	0.105669	1.56675
1068	-389.6495	-714.7518	325.1023	1.804374	0.7870029	0.802562	0.197438	1.206115
1074	-409.1222	-733.842	324.7198	1.916992	0.7311552	0.747733	0.252267	1.476383
1080	-395.6481	-720.445	324.7969	1.512824	0.930595	0.828576	0.171424	1.549183
1086	-417.4043	-742.2256	324.8213	1.586101	0.5999418	0.882298	0.117702	1.770681
1092	-400.8902	-724.7949	323.9047	1.833198	1.888128	0.727617	0.272383	1.409018
1098	-393.7103	-717.0384	323.3281	1.170462	1.299163	0.759212	0.240788	2.529023
1104	-381.5259	-705.5022	323.9764	1.543663	1.296826	0.836304	0.163696	1.867717
1110	-390.3364	-714.5044	324.168	1.518617	1.544932	0.895722	0.104278	1.617341
1116	-381.3473	-705.049	323.7016	1.61139	2.138254	0.927865	0.0721346	1.617341
1122	-386.7078	-710.8622	324.1544	1.70681	1.804308	0.778344	0.221656	1.353371
1128	-395.9872	-720.1308	324.1436	2.005328	1.573225	0.841254	0.158746	1.245414
1134	-404.9587	-730.6064	325.6476	1.856659	0.4783618	0.748637	0.251363	1.06236
1140	-430.9791	-756.5636	325.5844	2.070616	0.3305031	0.80313	0.19687	1.183018
1146	-406.6863	-731.6148	324.9285	1.72601	0.9155552	0.627724	0.372276	1.295322
1152	-401.2567	-725.0656	323.8089	1.714598	3.014621	0.752432	0.247568	1.113922
1158	-389.0818	-714.618	325.5362	1.770018	0.5747286	0.710364	0.289636	1.103411
1164	-385.4892	-709.2366	323.7474	1.723009	2.471371	0.893034	0.106966	1.36716
1170	-397.4839	-721.9797	324.4958	1.292284	1.572145	0.876486	0.123514	1.528676
1176	-397.1638	-721.5308	324.367	1.743188	1.604904	0.87815	0.12185	1.259173
1182	-406.9666	-732.8445	325.878	1.535577	0.4270746	0.777164	0.222836	1.224006
1188	-410.695	-736.8697	326.1747	1.874743	0.2980134	0.718478	0.281522	0.8674193
1194	-412.267	-737.3754	325.1084	2.252895	0.8529107	0.679776	0.320224	0.5178357
1200	-404.0095	-729.007	324.9975	1.721318	0.8590591	0.93312	0.0668804	1.293259
1206	-406.5899	-730.856	324.2661	1.721318	2.04546	0.717873	0.282127	1.124816
1212	-390.5122	-714.9718	324.4596	2.105189	1.517262	0.748	0.252	0.8890314
1218	-395.1016	-719.803	324.7014	1.863395	1.517262	0.976385	0.0236153	0.8890314
1224	-397.8675	-723.3265	325.459	1.805904	0.6245351	0.799467	0.200533	1.074595
1230	-384.8041	-710.3049	325.5007	1.915894	0.6245351	0.616194	0.383806	0.9223311
1236	-391.0568	-716.3998	325.343	1.783519	0.8555573	0.855036	0.144964	0.9223311
1242	-387.9449	-712.8072	324.8623	1.635051	0.8797928	0.890159	0.109841	1.449527
1248	-409.3012	-734.0656	324.7644	1.544021	1.064327	0.773429	0.226571	1.449527
1254	-399.6093	-725.6012	325.9919	1.957829	0.3588248	0.845623	0.154377	0.8258374
1260	-412.903	-737.5249	324.6218	1.712578	1.419234	0.818907	0.181093	1.184147
1266	-411.5249	-736.2238	324.6989	2.030781	1.37809	0.813626	0.186374	0.8166941
1272	-398.6247	-722.8612	324.2365	1.680195	0.9861187	0.788206	0.211794	1.789017
1278	-389.9191	-714.9246	325.0054	1.75677	0.5457427	0.729584	0.270416	1.575669
1284	-415.2504	-739.1204	323.8701	2.052706	2.849073	0.966547	0.0334529	0.7568557
1290	-410.2859	-733.2459	322.96	1.66906	4.142277	0.765087	0.234913	1.501347
1296	-405.4618	-729.3346	323.8727	1.528005	1.67719	0.851187	0.148813	1.755199
1302	-418.7961	-742.3309	323.5349	1.453764	1.842118	0.882476	0.117524	1.963936
1308	-401.8319	-726.1445	324.3127	2.077116	1.842118	0.939191	0.0608088	0.8368029
1314	-405.3015	-729.9663	324.6648	2.077116	1.342567	0.913545	0.0864549	0.8368029
1320	-402.8996	-727.2124	324.3128	1.885834	1.904023	0.916425	0.0835747	1.004653
1326	-396.7552	-720.4225	323.6673	1.885834	3.046798	0.717407	0.282593	1.074068
1332	-399.4236	-723.613	324.1894	1.602527	1.055035	0.752986	0.247014	1.828354
1338	-393.9726	-718.9573	324.9847	1.71731	0.5147134	0.863376	0.136624	1.654929
1344	-402.719	-727.5362	324.8172	1.834971	0.6124615	0.656192	0.343808	1.583333
1350	-406.0542	-731.0778	325.0236	1.98339	0.6271045	0.804325	0.195675	1.295057
1356	-408.2494	-733.7633	325.5139	2.272748	0.5155703	0.701964	0.298036	0.6252306
1362	-392.3989	-716.9484	324.5495	2.272748	1.435955	0.444359	0.555641	0.5541697
1368	-389.4726	-714.4042	324.9316	2.231669	1.040857	0.794043	0.205957	0.4655449
1374	-383.26	-707.9173	324.6573	2.180445	1.397857	0.828104	0.171896	0.6046205
1380	-401.1875	-726.857	325.6695	2.062185	0.5517923	0.908485	0.0915154	0.6193632
1386	-399.1144	-723.6935	324.5791	1.994742	1.635397	0.723739	0.276261	0.7724865
1392	-403.6325	-730.2518	326.6193	1.933514	0.1357274	0.632146	0.367854	0.8281032
1398	-396.5957	-722.6432	326.0475	2.010775	0.2679856	0.69786	0.30214	0.938917
1404	-406.4381	-730.836	324.3979	2.413197	1.449089	0.760827	0.239173	0.4441699
1410	-399.4762	-725.8562	326.38	2.265879	0.1449997	0.831802	0.168198	0.6203459
1416	-416.7409	-741.3303	324.5894	2.074567	1.527448	0.877454	0.122546	0.752191
1422	-400.9198	-725.1609	324.2411	1.803251	2.059975	0.958892	0.0411083	1.064752
1428	-406.6795	-732.0425	325.363	1.633625	0.6043294	0.880346	0.119654	1.329677
1434	-398.0446	-722.5711	324.5265	1.50109	1.645408	0.87106	0.12894	1.303935
1440	-395.8267	-719.1763	323.3496	1.246803	2.359049	0.942911	0.0570892	2.0303
1446	-405.026	-728.3579	323.3319	1.411573	1.244138	0.814607	0.185393	2.404215
1452	-405.4214	-730.4439	325.0224	2.298616	0.8897054	0.963309	0.0366911	0.4937807
1458	-410.2268	-735.2445	325.0177	2.303306	0.8897054	0.617319	0.382681	0.4937807
1464	-403.8484	-727.7505	323.9021	1.589372	1.171349	0.864488	0.135512	1.959543
1470	-404.2546	-728.4893	324.2346	1.589372	1.171349	0.978364	0.0216355	1.731377
1476	-417.7763	-743.2142	325.438	1.471106	0.4901445	0.658312	0.341688	1.533571
1482	-414.4692	-738.0494	323.5801	1.693028	2.471363	0.768296	0.231704	1.518177
1488	-403.6447	-726.3854	322.7407	1.579106	1.94073	0.766454	0.233546	2.35994
1494	-415.2253	-739.0713	323.846	1.822054	0.6944007	0.975774	0.0242259	2.179016
1500	-411.5152	-736.0788	324.5636	2.000947	0.6709906	0.816249	0.183751	1.588113
1506	-395.3849	-720.0774	324.6925	1.78891	0.746632	0.730224	0.269776	1.577525
1512	-394.7568	-718.1741	323.4173	1.515484	1.861166	0.928248	0.071752	1.993375
1518	-407.748	-731.0793	323.3313	1.583185	2.237846	0.79206	0.20794	1.859029
1524	-388.7346	-712.6296	323.895	1.832456	1.800999	0.881937	0.118063	1.458856
1530	-393.5558	-717.1781	323.6222	1.516736	1.668725	0.871384	0.128616	1.938639
1536	-396.4227	-720.4605	324.0378	1.912286	1.521393	0.967014	0.0329861	1.433919
1542	-390.442	-713.7185	323.2765	2.100896	1.595888	0.82467	0.17533	1.81023
1548	-386.991	-710.8777	323.8867	1.800946	2.005461	0.893957	0.106043	1.393396
1554	-393.8265	-717.8773	324.0508	1.800946	2.533749	0.896068	0.103932	1.009554
1560	-393.146	-716.0443	322.8983	1.792992	2.876547	0.948476	0.0515241	1.799635
1566	-385.6135	-709.6596	324.046	1.753987	1.231745	0.868015	0.131985	1.711213
1572	-388.4368	-710.9465	322.5097	1.720272	3.592719	0.873882	0.126118	1.918748
1578	-397.4671	-721.0743	323.6072	1.944397	2.925648	0.738619	0.261381	1.122913
1584	-397.3567	-721.4744	324.1177	2.013376	1.406913	0.755203	0.244797	1.359671
1590	-408.9891	-733.5677	324.5786	2.02219	1.541852	0.636204	0.363796	0.8244405
1596	-403.0069	-725.8454	322.8384	1.430952	3.023861	0.750415	0.249585	2.042041
1602	-404.2435	-727.2903	323.0469	1.430952	4.165421	0.832809	0.167191	1.607275
1608	-397.3079	-719.2588	321.9509	1.372939	5.167487	0.812024	0.187976	2.189731
1614	-407.2313	-732.1769	324.9456	1.791915	0.7765828	0.852985	0.147015	1.355186
1620	-398.5834	-724.7344	326.151	1.915509	0.2414136	0.799821	0.200179	1.001307
1626	-394.4737	-720.4688	325.9951	1.899352	0.3113514	0.817558	0.182442	1.001307
1632	-415.2605	-737.2327	321.9722	1.686316	6.668151	0.83149	0.16851	1.716863
1638	-404.7856	-727.8867	323.1011	1.523908	4.693632	0.850896	0.149104	1.373042
1644	-418.3074	-741.8936	323.5862	1.387995	2.827066	0.743577	0.256423	1.615024
1650	-394.4337	-718.0891	323.6554	1.855884	3.188492	0.95643	0.04357	1.058513
1656	-397.1209	-720.9535	323.8326	1.925933	3.387548	0.889286	0.110714	0.6575775
1662	-405.9232	-730.6724	324.7492	1.328189	0.7944671	0.840573	0.159427	1.822771
1668	-398.7992	-721.207	322.4077	1.616088	6.486064	0.872971	0.127029	1.480547
1674	-416.9723	-739.2024	322.2301	1.873859	6.139725	0.90911	0.0908895	1.480547
1680	-409.0032	-732.0576	323.0545	2.102983	4.677639	0.880798	0.119202	0.8954413
1686	-393.0201	-715.0682	322.0481	2.065633	9.864383	0.640959	0.359041	0.8239437
1692	-413.1944	-736.8717	323.6772	1.943647	2.733207	0.809953	0.190047	1.137691
1698	-420.9277	-743.9402	323.0125	1.905433	2.900333	0.95558	0.0444198	1.632318
1704	-414.9495	-737.8087	322.8592	1.8498	3.019533	0.805453	0.194547	1.744371
1710	-425.0404	-749.4844	324.444	2.283052	0.8698495	0.893119	0.106881	1.276658
1716	-410.3554	-733.8505	323.4951	2.125063	3.411034	0.928688	0.0713119	0.851509
1722	-402.3545	-727.2141	324.8596	1.887404	0.7886729	0.881167	0.118833	1.336124
1728	-400.9014	-724.2823	323.3809	1.665601	4.372127	0.817788	0.182212	1.100597
1734	-407.7643	-731.0869	323.3225	2.228721	3.794655	0.958274	0.0417256	0.7563407
1740	-408.287	-731.9899	323.7028	1.946802	2.757494	0.877475	0.122525	1.101693
1746	-403.5643	-727.9727	324.4084	1.819985	2.114865	0.95937	0.0406298	0.8366105
1752	-400.4169	-724.3137	323.8968	1.978708	3.081525	0.802039	0.197961	0.6686933
1758	-409.0132	-733.6635	324.6503	2.094188	1.478462	0.821017	0.178983	0.6778357
1764	-423.667	-748.2854	324.6183	2.193051	1.136337	0.936387	0.0636127	0.9569089
1770	-428.4633	-750.6568	322.1935	2.198267	8.94892	0.818458	0.181542	0.6133011
1776	-406.8181	-728.8349	322.0167	2.257737	9.785201	0.902172	0.0978275	0.4875195
1782	-402.5915	-723.9903	321.3987	2.479035	12.47317	0.958179	0.0418212	0.4374317
1788	-422.8209	-743.9709	321.15	2.500327	14.2607	0.685212	0.314788	0.4175187
1794	-415.2453	-738.9593	323.714	2.058228	3.452971	0.703551	0.296449	0.5365465
1800	-416.5333	-740.4767	323.9433	1.847117	3.129847	0.915233	0.084767	0.7750765
1806	-414.2341	-737.9471	323.713	2.106674	3.20696	0.87221	0.12779	0.6775053
1812	-387.9579	-712.6727	324.7147	2.049636	1.303242	0.970253	0.0297473	0.8482924
1818	-404.5823	-728.025	323.4427	2.068712	3.918129	0.940905	0.0590953	0.7518833
1824	-404.6376	-729.5199	324.8824	1.939864	1.320816	0.888248	0.111752	0.7518833
1830	-410.8058	-735.0049	324.1991	2.061748	2.343601	0.904579	0.0954206	0.4638713
1836	-414.5465	-738.2589	323.7124	2.011305	3.524742	0.68455	0.31545	0.6178482
1842	-407.9064	-731.9058	323.9994	2.216476	2.385462	0.97485	0.0251501	0.6234943
1848	-408.9634	-733.2176	324.2541	2.259925	1.896899	0.825963	0.174037	0.5154549
1854	-416.9468	-740.2451	323.2983	1.251205	1.639424	0.942593	0.057407	2.336743
1860	-411.4447	-735.1606	323.716	1.381252	1.665704	0.734548	0.265452	1.968077
1866	-421.2837	-743.4604	322.1767	1.723897	5.577405	0.606142	0.393858	1.729057
1872	-417.2093	-741.4206	324.2113	2.093388	2.190972	0.915583	0.0844173	0.6551168
1878	-407.3902	-732.1402	324.7501	2.033113	1.289331	0.910118	0.0898817	0.8392242
1884	-428.2024	-748.5302	320.3278	1.936914	18.01849	0.869299	0.130701	1.5766
1890	-409.9582	-732.65	322.6918	1.943688	6.469361	0.799985	0.200015	0.9600024
1896	-406.1939	-728.4523	322.2585	1.458499	6.469361	0.833477	0.166523	1.707048
1902	-406.5181	-728.9945	322.4764	1.487661	6.011962	0.679164	0.320836	1.606645
1908	-409.5596	-732.9804	323.4209	1.591488	3.446251	0.752924	0.247076	1.395778
1914	-408.2319	-730.5047	322.2728	1.773553	9.498251	0.797513	0.202487	0.9676612
1920	-398.8716	-722.1872	323.3156	1.812868	4.090769	0.766174	0.233826	1.108354
1926	-392.2767	-715.1144	322.8377	1.853586	5.600932	0.791051	0.208949	1.108354
1932	-394.0649	-715.9596	321.8947	1.996012	9.78036	0.847245	0.152755	1.075321
1938	-409.6223	-731.8386	322.2163	1.887539	9.78036	0.871489	0.128511	0.8528054
1944	-405.5283	-728.1022	322.5739	1.878175	4.424688	0.959	0.0409996	1.565935
1950	-398.1523	-721.7775	323.6252	1.912651	3.469778	0.836829	0.163171	0.9203007
1956	-385.2714	-708.6681	323.3967	1.976404	3.572123	0.950651	0.0493487	1.049034
1962	-390.0258	-713.2984	323.2726	2.018606	4.460621	0.877227	0.122773	0.8131036
1968	-388.5021	-713.3874	324.8854	1.768915	1.291912	0.890877	0.109123	0.9803152
1974	-397.3458	-720.8561	323.5103	1.860633	3.702101	0.904287	0.095713	1.005114
1980	-401.6394	-725.7396	324.1003	1.979262	2.114545	0.862877	0.137123	1.000622
1986	-397.7942	-721.6286	323.8344	2.141474	2.378292	0.869894	0.130106	0.9622756
1992	-403.3114	-727.3124	324.001	1.598211	0.930842	0.948004	0.0519958	2.042545
1998	-404.7249	-728.558	323.8331	1.679819	2.026745	0.914913	0.0850872	1.517067
2004	-408.1785	-732.1784	323.9998	2.26743	2.138778	0.95424	0.0457605	0.7671474
2010	-396.3646	-721.2224	324.8578	2.075134	1.191408	0.877368	0.122632	0.7493355
2016	-387.2991	-712.2531	324.954	1.903771	1.119663	0.765594	0.234406	0.9236282
2022	-386.1281	-710.4741	324.3459	1.687232	1.814618	0.788608	0.211392	1.206862
2028	-390.9059	-714.4879	323.582	1.647354	3.474479	0.83642	0.16358	1.210854
2034	-406.7396	-731.3708	324.6311	2.098002	1.523483	0.92364	0.0763596	0.6412298
2040	-402.0628	-727.1398	325.077	2.224378	0.8770221	0.820499	0.179501	0.6412298
2046	-407.4709	-732.5749	325.104	2.090256	0.8770221	0.948753	0.0512466	0.8141794
2052	-424.4002	-746.3736	321.9733	1.445541	4.394482	0.909647	0.0903529	2.273666
2058	-428.7418	-751.7315	322.9897	1.283419	2.105765	0.754759	0.245241	2.328621
2064	-427.3808	-750.151	322.7702	2.079586	4.25673	0.957552	0.0424479	1.300754
2070	-403.6165	-726.0744	322.4579	2.269271	7.159555	0.861485	0.138515	0.622796
2076	-404.7508	-729.6064	324.8556	2.058117	1.168856	0.850039	0.149961	0.8042368
2082	-387.919	-712.0618	324.1428	2.04959	1.682181	0.892737	0.107263	1.143426
2088	-393.181	-717.888	324.707	1.793769	1.269176	0.581928	0.418072	1.143426
2094	-396.9368	-720.9065	323.9697	1.793769	2.847577	0.960433	0.0395668	0.9510735
2100	-392.1785	-716.4051	324.2266	1.917193	2.224111	0.949937	0.0500627	0.8662583
2106	-405.3537	-730.5166	325.1629	1.750532	0.9754926	0.875711	0.124289	1.010342
2112	-404.2151	-729.2403	325.0252	1.830352	1.054005	0.915975	0.0840247	0.990525
2118	-406.0406	-730.589	324.5484	2.047824	1.12599	0.765708	0.234292	1.169538
2124	-406.9531	-730.7991	323.846	1.896307	2.733261	0.802305	0.197695	1.024632
2130	-394.8249	-718.3901	323.5652	1.935554	2.467182	0.852688	0.147312	1.344815
2136	-382.4576	-706.7207	324.2632	1.697194	1.505551	0.90411	0.0958897	1.434876
2142	-389.6671	-711.7004	322.0333	1.697194	7.487918	0.880874	0.119126	1.540322
2148	-387.7842	-712.4798	324.6956	1.602999	0.8079093	0.824962	0.175038	1.656354
2154	-393.2964	-718.0013	324.7049	1.668423	0.8540101	0.876696	0.123304	1.563821
2160	-401.0107	-725.7875	324.7767	1.726516	0.6232739	0.756152	0.243848	1.679634
2166	-402.4549	-726.2062	323.7513	1.887927	2.128479	0.844465	0.155535	1.376236
2172	-407.157	-732.3575	325.2005	2.123289	0.7751584	0.879796	0.120204	0.7983458
2178	-407.058	-731.6268	324.5688	2.248116	1.291335	0.808671	0.191329	0.7935617
2184	-419.3925	-743.1958	323.8033	1.785476	2.256367	0.791865	0.208135	1.361038
2190	-409.8906	-733.4665	323.5759	1.870615	3.018689	0.813042	0.186958	1.180587
2196	-405.8281	-730.9353	325.1072	2.04761	0.6895517	0.861082	0.138918	1.094507
2202	-392.3767	-716.7121	324.3354	1.734921	2.100553	0.866885	0.133115	1.017571
2208	-395.6496	-720.814	325.1644	1.677172	0.9355675	0.90963	0.0903704	1.117225
2214	-396.0856	-720.5965	324.5109	1.688423	1.131539	0.736933	0.263067	1.484762
2220	-406.0827	-730.4529	324.3702	1.684134	1.085168	0.689394	0.310606	1.623364
2226	-406.4121	-730.5466	324.1345	2.014684	2.172826	0.744727	0.255273	0.892351
2232	-399.7388	-724.501	324.7622	2.088468	1.10343	0.681059	0.318941	0.9473852
2238	-393.4724	-718.9451	325.4726	1.878634	0.6629657	0.753253	0.246747	0.9356147
2244	-398.8112	-724.1113	325.3001	2.05109	0.6629657	0.754615	0.245385	0.9356147
2250	-410.4969	-735.7861	325.2891	2.101917	0.5679446	0.657161	0.342839	1.033247
2256	-405.7937	-732.0865	326.2928	1.939486	0.2849426	0.424027	0.575973	0.6376578
2262	-398.5148	-724.0984	325.5835	1.963241	0.6809263	0.690906	0.309094	0.6203451
2268	-398.6432	-723.6054	324.9622	1.933739	1.12648	0.717102	0.282898	0.87355
2274	-427.0673	-751.7147	324.6474	1.975724	1.6135	0.949868	0.0501315	0.7207622
2280	-406.3139	-731.017	324.7032	2.124547	1.02311	0.920858	0.0791417	1.04738
2286	-407.0439	-731.2155	324.1716	2.07722	2.031013	0.847421	0.152579	0.8697023
2292	-423.5904	-748.0195	324.4291	2.130731	1.444603	0.864102	0.135898	0.9534411
2298	-417.2724	-741.8771	324.6046	2.144696	1.444603	0.695501	0.304499	0.7143064
2304	-412.0698	-736.8192	324.7494	1.765406	1.444603	0.887182	0.112818	0.9995387
2310	-395.4129	-720.2694	324.8564	2.014518	1.027766	0.943541	0.0564587	1.00067
2316	-405.924	-730.1777	324.2536	2.336103	1.468721	0.666963	0.333037	0.9013142
2322	-403.4801	-727.7163	324.2362	1.884413	2.281878	0.938204	0.0617959	0.8571549
2328	-397.8272	-722.6367	324.8095	2.007086	1.167325	0.854634	0.145366	0.921572
2334	-397.1566	-721.4495	324.2929	1.934395	1.899876	0.726856	0.273144	0.978349
2340	-394.7274	-719.4489	324.7215	1.981176	1.18122	0.839548	0.160452	1.026051
2346	-414.7962	-739.0314	324.2352	1.903506	2.068012	0.871106	0.128894	0.9672995
2352	-395.3064	-720.2391	324.9327	2.161443	1.048253	0.589104	0.410896	0.7014944
2358	-399.4534	-724.3232	324.8698	2.085704	1.275123	0.655564	0.344436	0.5061159
2364	-403.7708	-728.3944	324.6236	2.083844	1.541636	0.859441	0.140559	0.6597631
2370	-401.011	-725.2676	324.2566	2.045048	1.811305	0.866171	0.133829	0.9583604
2376	-399.5452	-724.0283	324.4831	1.925248	1.649075	0.95164	0.0483598	0.9583604
2382	-396.7975	-720.6637	323.8661	1.925248	2.520877	0.825949	0.174051	1.073666
2388	-392.705	-716.4459	323.7409	1.807503	3.059243	0.807308	0.192692	1.073666
2394	-397.8928	-720.8973	323.0045	1.463418	1.743421	0.820516	0.179484	2.34438
2400	-407.8981	-730.809	322.9109	1.670728	3.496595	0.433056	0.566944	1.700347
2406	-382.5868	-707.1214	324.5346	2.251395	0.9668716	0.71494	0.28506	1.137927
2412	-385.413	-710.1755	324.7625	2.018662	0.9392719	0.697221	0.302779	1.16746
2418	-378.6021	-701.1916	322.5895	1.994866	5.426039	0.822517	0.177483	1.240897
2424	-388.6702	-711.3854	322.7153	1.899868	4.364693	0.664649	0.335351	1.458062
2430	-392.9183	-716.0328	323.1145	2.009891	3.865039	0.737914	0.262086	1.179849
2436	-397.8177	-721.4093	323.5916	1.959043	2.958271	0.866743	0.133257	1.11109
2442	-407.2155	-730.1351	322.9196	2.315154	5.115483	0.967516	0.0324836	0.447797
2448	-401.1076	-726.2525	325.1449	2.03298	1.002332	0.924615	0.0753852	0.6222032
2454	-398.1343	-722.9403	324.8061	2.041651	1.312324	0.725154	0.274846	0.7230208
2460	-404.6681	-728.652	323.9839	1.797842	2.667021	0.8522	0.1478	1.016038
2466	-402.8284	-726.2026	323.3742	2.211002	3.772993	0.959844	0.0401565	0.7152399
2472	-386.8964	-712.0971	325.2007	1.771593	0.6326848	0.867612	0.132388	1.316794
2478	-393.2913	-716.8649	323.5736	1.756316	2.551313	0.868519	0.131481	1.44578
2484	-384.3378	-708.4446	324.1068	1.729868	1.585351	0.941974	0.0580257	1.485392
2490	-366.5206	-690.3373	323.8167	1.594475	2.188172	0.910016	0.0899837	1.525176
2496	-370.9776	-694.6866	323.709	1.49325	2.680615	0.763099	0.236901	1.496067
2502	-381.7995	-705.2115	323.412	1.626444	2.907021	0.727727	0.272273	1.542189
2508	-392.1755	-715.9054	323.7299	1.974066	2.907021	0.857194	0.142806	0.985514
2514	-395.5952	-720.2011	324.6059	1.842746	1.356053	0.815655	0.184345	1.126884
2520	-404.7679	-729.9948	325.2269	1.842746	0.5634719	0.577097	0.422903	1.319665
2526	-395.596	-719.7355	324.1395	2.018807	1.973791	0.971728	0.028272	1.003037
2532	-405.7702	-731.1201	325.3498	2.018163	0.6043186	0.900513	0.0994869	1.003037
2538	-398.2255	-723.8393	325.6138	1.991338	0.5029861	0.933098	0.0669022	0.9186764
2544	-396.8767	-722.5479	325.6712	1.802023	0.3457862	0.957028	0.0429718	1.307447
2550	-406.0691	-731.9821	325.913	1.784704	0.2502477	0.658711	0.341289	1.307447
2556	-402.9879	-728.5232	325.5353	1.819185	0.6233833	0.903771	0.096229	0.9892746
2562	-391.5714	-715.7	324.1286	1.885835	2.522958	0.927919	0.0720806	0.8373584
2568	-398.3482	-722.06	323.7118	2.057628	2.930793	0.799836	0.200164	0.9050731
2574	-391.4537	-715.7081	324.2544	2.057628	1.873667	0.934026	0.0659745	0.9050731
2580	-384.2813	-710.3984	326.117	1.974574	0.2670577	0.9024	0.0975997	0.9050731
2586	-390.6476	-716.2125	325.5649	2.136333	0.297454	0.793079	0.206921	1.207659
2592	-401.9521	-727.1556	325.2035	1.740353	0.7362901	0.602273	0.397727	1.227213
2598	-400.9607	-725.8049	324.8442	1.713026	0.5141292	0.675303	0.324697	1.75799
2604	-409.1333	-735.0286	325.8953	1.857559	0.4512395	0.800928	0.199072	0.8503669
2610	-401.4324	-726.6005	325.1681	1.656128	0.4905358	0.807099	0.192901	1.595422
2616	-395.2533	-720.0008	324.7475	1.210521	0.393742	0.722989	0.277011	2.298349
2622	-389.7809	-713.8187	324.0377	1.50757	0.9118285	0.721812	0.278188	2.091466
2628	-401.8625	-726.9146	325.0522	1.472884	0.8392307	0.729426	0.270574	1.462989
2634	-400.3565	-724.058	323.7015	2.004801	3.437278	0.78812	0.21188	0.7184353
2640	-406.7452	-729.9412	323.196	1.61682	2.811167	0.970858	0.0291422	1.735099
2646	-401.0665	-726.8595	325.793	1.719806	0.5634406	0.665358	0.334642	0.9150707
2652	-394.0519	-718.3696	324.3177	2.156379	1.853387	0.971931	0.0280691	0.7064872
2658	-403.1779	-728.2207	325.0428	2.156379	0.9722302	0.751261	0.248739	0.6439278
2664	-381.8132	-706.5413	324.7281	2.073716	1.290919	0.847273	0.152727	0.8140211
2670	-390.0444	-715.1141	325.0696	2.078556	0.7674266	0.895974	0.104026	1.006839
2676	-391.2137	-716.3917	325.178	2.199871	0.7627112	0.895282	0.104718	0.7428114
2682	-400.438	-725.5962	325.1582	2.251903	0.736678	0.883346	0.116654	0.7428114
2688	-395.8284	-720.749	324.9206	1.913764	0.736678	0.800185	0.199815	1.317049
2694	-401.9143	-727.3291	325.4148	1.762894	0.4974447	0.775135	0.224865	1.317049
2700	-390.3273	-714.2552	323.9279	1.771321	2.397668	0.91703	0.0829698	1.210347
2706	-390.3812	-714.2917	323.9105	1.597068	1.459409	0.965683	0.0343174	1.788508
2712	-388.115	-713.0959	324.9809	1.591435	0.6646196	0.908602	0.0913985	1.588679
2718	-392.1117	-717.4637	325.352	1.733197	0.6707099	0.933332	0.066668	1.179065
2724	-393.8159	-719.5924	325.7765	1.710925	0.4155442	0.599512	0.400488	1.179065
2730	-422.9986	-747.2404	324.2418	1.268696	1.003411	0.533282	0.466718	2.051982
2736	-414.2849	-737.8299	323.545	1.362586	1.258247	0.703305	0.296695	2.292417
2742	-403.519	-728.7987	325.2797	1.713811	0.4089484	0.730908	0.269092	1.577984
2748	-402.2431	-725.5504	323.3073	1.651123	3.117374	0.860105	0.139895	1.53547
2754	-400.0795	-725.9885	325.9091	1.939306	0.3365548	0.817917	0.182083	0.9914666
2760	-413.3578	-737.9348	324.577	1.621986	1.059274	0.746084	0.253916	1.53547
2766	-412.1232	-736.1802	324.057	1.692087	1.059274	0.946148	0.0538515	1.854913
2772	-409.0109	-732.8554	323.8445	1.952144	2.759135	0.913024	0.0869763	0.9578355
2778	-410.2564	-735.8905	325.6342	1.896102	0.4277262	0.913407	0.0865931	1.121159
2784	-400.3796	-725.4222	325.0426	1.478067	0.7314018	0.925533	0.0744674	1.562735
2790	-404.4982	-727.8996	323.4014	1.917563	1.736026	0.811787	0.188213	1.784983
2796	-411.3133	-736.3246	325.0113	2.284489	0.8178451	0.911209	0.088791	0.7671497
2802	-405.2304	-729.8633	324.6329	2.187306	1.38937	0.832969	0.167031	0.6620567
2808	-397.9891	-723.3413	325.3521	2.007402	0.7353772	0.86282	0.13718	0.8157457
2814	-408.4797	-733.5509	325.0713	1.676872	1.18517	0.65951	0.34049	0.9772161
2820	-410.9086	-735.6915	324.7829	1.915834	1.149548	0.88272	0.11728	1.057018
2826	-410.6636	-735.1308	324.4672	2.007444	1.759003	0.770045	0.229955	0.795631
2832	-405.2951	-729.156	323.8608	2.035266	2.661237	0.846055	0.153945	0.8989978
2838	-407.2392	-733.1678	325.9286	1.528835	0.4206137	0.69402	0.30598	1.196784
2844	-433.3489	-756.9367	323.5878	1.789571	1.841554	0.949753	0.0502468	1.696575
2850	-409.5406	-734.1161	324.5755	2.268829	1.333911	0.596089	0.403911	0.6993648
2856	-388.2383	-712.7836	324.5453	2.38674	1.251678	0.950609	0.049391	0.661496
2862	-401.0492	-725.9425	324.8933	1.96345	1.311953	0.70066	0.29934	0.7084851
2868	-399.3782	-723.1032	323.725	1.96753	2.219591	0.83685	0.16315	1.293621
2874	-402.423	-727.5921	325.1691	1.699359	0.9824052	0.744657	0.255343	1.047269
2880	-396.7286	-721.0913	324.3627	1.71913	1.384601	0.926644	0.0733557	1.411741
2886	-394.4116	-719.5782	325.1666	1.819114	1.087076	0.890679	0.109321	0.8077949
2892	-397.8806	-722.723	324.8423	2.112401	1.122647	0.935043	0.0649571	0.8051224
2898	-412.1191	-737.6873	325.5682	1.722775	0.6993546	0.827176	0.172824	0.9483604
2904	-404.2438	-729.4283	325.1845	1.73124	0.6062799	0.766782	0.233218	1.391384
2910	-400.4832	-725.349	324.8658	1.738165	0.8018446	0.916774	0.0832262	1.435796
2916	-418.453	-744.2222	325.7692	1.558617	0.3571568	0.953874	0.0461258	1.403745
2922	-419.6787	-743.5647	323.886	1.748709	1.952642	0.803477	0.196523	1.458229
2928	-415.3377	-738.611	323.2733	1.826458	2.801474	0.835276	0.164724	1.531334
2934	-413.8498	-736.9709	323.1211	2.205402	4.157336	0.766226	0.233774	0.8869974
2940	-409.3507	-733.6012	324.2505	1.85432	1.81651	0.75581	0.24419	1.143444
2946	-419.1403	-743.8811	324.7408	1.81551	1.49492	0.709318	0.290682	0.9168949
2952	-410.346	-733.4261	323.0801	1.621865	3.245673	0.802632	0.197368	1.683776
2958	-420.9643	-746.1354	325.1711	1.706001	0.4059256	0.828164	0.171836	1.666283
2964	-431.4721	-755.2081	323.736	1.768597	0.4210146	0.645821	0.354179	2.551336
2970	-395.0403	-720.8905	325.8502	1.934084	0.3438831	0.72551	0.27449	1.039083
2976	-407.6796	-731.0957	323.4161	1.879802	2.937668	0.908072	0.0919276	1.334461
2982	-399.3196	-722.6459	323.3263	1.880506	3.789898	0.899583	0.100417	1.130284
2988	-409.1117	-732.9726	323.8608	1.826454	2.608578	0.82192	0.17808	1.130284
2994	-401.313	-725.6177	324.3046	1.688882	1.170883	0.865581	0.134419	1.610703
3000	-407.2909	-732.5064	325.2155	1.960293	0.7408329	0.721082	0.278918	1.012011
3006	-410.4051	-735.7211	325.3161	1.858179	0.8187293	0.712295	0.287705	0.9161484
3012	-415.0489	-738.7868	323.7379	1.621053	2.946135	0.776282	0.223718	1.280471
3018	-409.9032	-734.0611	324.1579	1.773361	2.200961	0.93796	0.0620399	1.096789
3024	-383.2339	-708.3668	325.1329	1.968673	1.05664	0.836194	0.163806	0.6730856
3030	-403.9333	-730.1764	326.2431	1.664315	0.2751695	0.780031	0.219969	1.071517
3036	-396.1898	-721.869	325.6793	2.166501	0.4917974	0.962225	0.037775	0.5611218
3042	-410.3673	-735.984	325.6167	2.17784	0.5267581	0.76605	0.23395	0.5233685
3048	-388.9479	-713.7582	324.8102	2.19595	1.182862	0.674546	0.325454	0.6286491
3054	-405.5995	-729.6109	324.0114	2.276386	2.222826	0.857458	0.142542	0.6543168
3060	-415.6148	-740.3804	324.7656	2.168382	1.20925	0.903477	0.0965233	0.7234577
3066	-407.4811	-731.4708	323.9898	2.161055	2.412623	0.896745	0.103255	0.7234577
3072	-410.0497	-735.4774	325.4277	2.155647	0.6365907	0.668836	0.331164	0.6727901
3078	-405.7411	-730.2053	324.4642	2.133902	1.635808	0.670832	0.329168	0.7361039
3084	-388.0735	-713.2997	325.2262	2.133902	0.7894531	0.720158	0.279842	0.7198873
3090	-398.7192	-723.9299	325.2107	2.019365	0.7605641	0.753829	0.246171	0.9308327
3096	-401.8913	-725.9578	324.0664	2.390864	1.94893	0.94613	0.0538702	0.6221046
3102	-405.3541	-730.2401	324.886	2.074369	1.174035	0.728893	0.271107	0.73065
3108	-404.2092	-729.1209	324.9117	2.378967	0.9045265	0.862225	0.137775	0.589801
3114	-395.2074	-720.4735	325.2661	2.050643	0.8330565	0.934982	0.065018	0.7072728
3120	-405.7352	-729.8763	324.1411	2.183061	2.219372	0.953543	0.0464569	0.5521287
3126	-400.9876	-725.6516	324.664	2.317554	1.199577	0.887903	0.112097	0.6515022
3132	-400.9479	-725.4612	324.5133	1.855572	1.127261	0.829628	0.170372	1.356935
3138	-394.3019	-719.4699	325.168	1.861048	0.7485253	0.810131	0.189869	1.140231
3144	-406.3326	-730.5259	324.1933	1.785959	1.236333	0.886259	0.113741	1.579621
3150	-409.0355	-732.3065	323.271	2.134361	3.69955	0.775559	0.224441	0.9712129
3156	-411.6439	-734.6276	322.9837	1.798598	3.69955	0.714212	0.285788	1.500118
3162	-398.3027	-722.3971	324.0944	1.512706	0.9002632	0.920924	0.0790761	2.058922
3168	-406.2065	-730.1346	323.9281	1.581334	1.962275	0.832486	0.167514	1.547807
3174	-412.8437	-736.5877	323.744	2.076366	2.425316	0.898298	0.101702	1.09079
3180	-400.7115	-724.1974	323.4858	1.893792	2.866492	0.825701	0.174299	1.291957
3186	-419.0615	-741.5216	322.4601	1.669649	8.202296	0.822522	0.177478	1.106095
3192	-408.1105	-733.3398	325.2294	1.69235	0.2642533	0.630041	0.369959	1.851395
3198	-393.0622	-718.6756	325.6134	1.679912	0.539026	0.752594	0.247406	1.163883
3204	-393.1623	-719.3135	326.1512	1.763917	0.1583961	0.720976	0.279024	1.35188
3210	-398.3574	-724.0187	325.6614	1.784473	0.3202206	0.72013	0.27987	1.373718
3216	-397.4824	-723.5377	326.0554	1.844026	0.2673042	0.843602	0.156398	1.097059
3222	-398.6558	-724.4683	325.8125	1.938395	0.442467	0.870846	0.129154	0.8714624
3228	-387.5689	-712.3987	324.8297	1.938395	1.246535	0.713448	0.286552	0.8990978
3234	-392.0585	-717.1317	325.0732	1.73699	1.004872	0.963441	0.0365595	1.080918
3240	-389.3382	-713.0235	323.6853	1.855441	3.434407	0.694604	0.305396	0.9317772
3246	-385.4402	-709.1051	323.6649	1.758087	3.772372	0.885652	0.114348	0.9250864
3252	-400.9696	-724.4569	323.4873	2.084534	3.689702	0.83442	0.16558	0.7803062
3258	-416.5058	-739.5021	322.9964	1.797134	6.161838	0.87424	0.12576	0.8636999
3264	-398.9785	-722.7562	323.7777	1.753062	2.137785	0.856266	0.143734	1.456091
3270	-393.3594	-718.2751	324.9157	1.859825	0.7080931	0.849235	0.150765	1.392493
3276	-399.3299	-723.5426	324.2127	1.81424	1.369272	0.691036	0.308964	1.463049
3282	-393.1569	-718.1811	325.0242	1.991639	0.9183774	0.768977	0.231023	0.9669555
3288	-406.8779	-732.6683	325.7904	2.3591	0.3294188	0.791973	0.208027	0.4242341
3294	-404.1266	-727.9361	323.8095	2.445146	2.053166	0.684431	0.315569	0.8474
3300	-406.7828	-730.9843	324.2014	1.918023	2.053166	0.686991	0.313009	0.9955688
3306	-400.256	-724.0869	323.8309	2.037823	2.773124	0.903607	0.0963927	0.8712396
3312	-422.2416	-747.3674	325.1259	2.15712	0.7548466	0.752554	0.247446	0.8795724
3318	-414.3502	-740.392	326.0417	2.15712	0.2711526	0.901126	0.098874	0.7570509
3324	-423.5686	-748.3189	324.7503	2.449724	1.003291	0.897925	0.102075	0.5373152
3330	-401.8307	-727.5319	325.7012	2.373327	0.3703427	0.586977	0.413023	0.5270689
3336	-397.9724	-723.033	325.0606	2.413972	0.7301918	0.643607	0.356393	0.3815487
3342	-405.0574	-729.8104	324.7529	2.201851	1.252788	0.873338	0.126662	0.6052449
3348	-401.462	-727.0228	325.5607	1.857512	0.7751971	0.855447	0.144553	0.642489
3354	-390.3162	-716.564	326.2478	2.050009	0.2255887	0.601104	0.398896	0.7865034
3360	-414.3438	-737.9853	323.6415	2.142844	2.842899	0.726254	0.273746	0.9310077
3366	-390.6202	-715.6372	325.0169	2.102831	0.8843732	0.896264	0.103736	0.8943535
3372	-400.7178	-724.7064	323.9886	2.110184	1.566172	0.94672	0.0532795	1.290986
3378	-394.5975	-719.4744	324.8769	2.198034	1.039902	0.763612	0.236388	0.745749
3384	-384.9158	-708.4344	323.5185	1.884339	3.012659	0.86086	0.13914	1.220216
3390	-386.6945	-711.006	324.3114	1.639585	2.287465	0.895686	0.104314	1.03448
3396	-390.0121	-713.4681	323.456	1.625542	1.995531	0.913614	0.0863861	1.837765
3402	-402.2962	-725.9435	323.6473	1.743434	1.521122	0.863606	0.136394	1.837765
3408	-387.2793	-711.4209	324.1416	1.593877	1.62598	0.72242	0.27758	1.539829
3414	-393.85	-716.9239	323.0739	1.502444	3.694545	0.924953	0.0750467	1.652318
3420	-390.0241	-713.0668	323.0427	1.398958	2.049036	0.87385	0.12615	2.241452
3426	-384.6019	-708.5312	323.9293	1.594973	2.103151	0.918966	0.0810335	1.47576
3432	-397.7847	-721.0017	323.217	1.674278	3.348761	0.856165	0.143835	1.516573
3438	-410.6929	-733.2924	322.5995	1.212595	3.577142	0.907237	0.0927633	2.198592
3444	-401.4132	-726.0386	324.6253	1.870103	1.38416	0.846826	0.153174	1.063429
3450	-396.3495	-719.2954	322.9459	1.480377	2.903913	0.962296	0.0377037	1.971833
3456	-393.5502	-717.112	323.5618	1.657223	3.159062	0.952708	0.0472924	1.321642
3462	-391.3188	-716.82	325.5012	1.688423	0.5207676	0.78549	0.21451	1.276336
3468	-410.426	-734.6358	324.2098	1.810726	1.706095	0.820556	0.179444	1.276336
3474	-401.7792	-726.9967	325.2175	1.654402	0.4358972	0.707771	0.292229	1.629975
3480	-405.7039	-730.8902	325.1863	1.466645	0.6832569	0.622016	0.377984	1.510801
3486	-402.8452	-726.3322	323.4871	1.324916	2.037908	0.825396	0.174604	2.003336
3492	-418.3007	-741.8999	323.5992	1.259756	1.519522	0.976849	0.0231513	2.192465
3498	-403.7267	-727.8338	324.1071	1.572708	1.77921	0.954054	0.0459456	1.505309
3504	-405.196	-730.8766	325.6806	1.883514	0.4610649	0.716107	0.283893	1.033731
3510	-388.9385	-713.8821	324.9436	1.879494	1.04242	0.938413	0.0615867	1.033731
3516	-403.3209	-728.5694	325.2485	2.052062	0.7584996	0.962174	0.0378261	0.8534597
3522	-395.6777	-720.9184	325.2407	2.136486	0.7561127	0.626101	0.373899	0.7560378
3528	-404.8866	-729.7029	324.8162	1.996274	1.329397	0.744756	0.255244	0.7560378
3534	-400.6872	-725.6186	324.9315	1.948185	1.089036	0.991471	0.00852879	0.9307346
3540	-397.2315	-722.6434	325.4119	2.031304	0.6262953	0.801422	0.198578	0.8899083
3546	-405.0026	-729.7047	324.702	1.99623	1.527308	0.957476	0.0425235	0.6968823
3552	-411.0776	-736.5765	325.4989	1.576402	0.7048954	0.699344	0.300656	1.148214
3558	-407.2605	-732.3223	325.0618	1.608027	0.7703203	0.920603	0.0793974	1.414116
3564	-406.3848	-731.9088	325.524	1.565829	0.2969047	0.798213	0.201787	1.67864
3570	-393.4344	-718.3052	324.8709	1.87666	0.7406446	0.85759	0.14241	1.382074
3576	-425.7075	-750.6969	324.9893	1.865537	1.023027	0.870978	0.129022	1.02119
3582	-422.764	-748.678	325.9141	1.78765	0.4500798	0.84284	0.15716	0.9119337
3588	-400.2998	-726.3675	326.0677	1.876635	0.3477647	0.744674	0.255326	0.8609085
3594	-398.3077	-723.9713	325.6635	1.808261	0.4928444	0.868812	0.131188	1.069951
3600	-401.8611	-727.6414	325.7803	1.678201	0.4517551	0.921499	0.0785009	1.146527
3606	-396.2034	-720.6749	324.4715	1.725672	1.79277	0.784425	0.215575	1.07302
3612	-402.1972	-726.048	323.8508	1.725672	1.645088	0.770083	0.229917	1.646143
3618	-400.1963	-723.6884	323.4921	1.763608	2.169669	0.828201	0.171799	1.646143
3624	-405.7045	-729.5615	323.857	1.801995	1.543972	0.976846	0.0231535	1.63775
3630	-403.0339	-727.0037	323.9698	1.479528	1.342219	0.891163	0.108837	1.890849
3636	-401.249	-727.1167	325.8677	2.018567	0.3288042	0.607229	0.392771	0.9700479
3642	-409.8647	-734.7853	324.9205	1.843461	0.7631918	0.790762	0.209238	1.347078
3648	-432.7296	-757.7222	324.9926	1.865959	0.7657986	0.911938	0.0880623	1.267898
3654	-418.8475	-742.9392	324.0918	1.883665	1.886913	0.716964	0.283036	1.217611
3660	-404.5025	-728.8807	324.3781	1.808692	1.155989	0.782662	0.217338	1.477548
3666	-407.6075	-732.4143	324.8068	1.504393	0.8412341	0.761621	0.238379	1.619649
3672	-405.6925	-730.145	324.4525	1.583208	1.754586	0.675548	0.324452	1.237328
3678	-402.5247	-726.5405	324.0158	1.946195	2.253715	0.909097	0.0909027	1.041215
3684	-393.4048	-718.1313	324.7265	1.868319	1.590843	0.86007	0.13993	0.7864171
3690	-377.0266	-702.4022	325.3756	2.034279	0.6116704	0.84869	0.15131	0.9492425
3696	-387.0681	-711.9905	324.9224	1.938983	1.160156	0.635119	0.364881	0.8783279
3702	-396.2383	-719.2827	323.0444	1.377358	4.886122	0.934351	0.0656491	1.486349
3708	-401.1019	-724.6371	323.5352	1.725293	1.749752	0.816272	0.183728	1.819217
3714	-395.8304	-720.6067	324.7763	1.972151	1.370576	0.935476	0.0645244	0.7998669
3720	-410.9492	-734.9716	324.0224	2.135566	2.073557	0.838636	0.161364	0.943738
3726	-407.4351	-731.8096	324.3745	1.744062	1.582285	0.947515	0.0524845	1.265354
3732	-402.2585	-726.19	323.9314	1.713518	2.492036	0.535304	0.464696	1.216334
3738	-385.6976	-709.7378	324.0403	1.936432	2.439099	0.81639	0.18361	0.9287353
3744	-392.9613	-718.0171	325.0558	1.999344	0.7239074	0.806833	0.193167	1.144434
3750	-389.0976	-713.5038	324.4062	1.742441	1.496403	0.7458	0.2542	1.291406
3756	-399.9919	-723.2259	323.234	1.742613	4.05991	0.849553	0.150447	1.249204
3762	-393.4972	-718.0518	324.5546	1.875743	1.404429	0.920304	0.079696	1.109128
3768	-395.6975	-719.5739	323.8764	1.921428	2.33398	0.690072	0.309928	1.153274
3774	-401.9192	-725.6346	323.7154	1.460438	2.090853	0.644303	0.355697	1.734113
3780	-388.6404	-712.5421	323.9017	1.302408	2.310478	0.888276	0.111724	1.628895
3786	-390.0705	-713.5422	323.4717	1.76839	2.656159	0.932177	0.0678232	1.476146
3792	-388.0258	-712.1395	324.1136	1.570775	2.377717	0.855903	0.144097	1.231521
3798	-401.2526	-724.4748	323.2222	1.439271	2.031303	0.935619	0.0643807	2.105335
3804	-412.674	-735.9827	323.3087	1.514389	1.745054	0.917849	0.0821505	2.114681
3810	-423.6854	-749.8746	326.1892	1.90864	0.151643	0.836518	0.163482	1.22138
3816	-415.5334	-740.6213	325.0879	2.048517	0.7092648	0.841246	0.158754	1.087841
3822	-388.4395	-711.7733	323.3338	2.030222	2.688128	0.891789	0.108211	1.369108
3828	-399.3074	-724.0864	324.779	1.714505	1.148469	0.804857	0.195143	1.239904
3834	-398.8729	-722.7079	323.835	1.707386	1.897078	0.809386	0.190614	1.552524
3840	-396.335	-720.2595	323.9244	2.123025	2.783012	0.761456	0.238544	0.5461327
3846	-405.6576	-729.9832	324.3256	2.124317	1.949073	0.914697	0.0853033	0.6397289
3852	-405.2162	-729.894	324.6779	2.005471	1.476128	0.980961	0.0190385	0.7785224
3858	-399.9656	-725.2097	325.2442	1.993251	0.8620328	0.888253	0.111747	0.7785224
3864	-398.6825	-722.5196	323.837	1.87265	1.584568	0.880261	0.119739	1.580035
3870	-387.8014	-712.1434	324.3421	1.972257	2.03429	0.837205	0.162795	0.7843626
3876	-402.685	-727.5874	324.9024	1.982371	1.03147	0.849337	0.150663	0.9830386
3882	-399.4733	-723.0491	323.5758	1.471586	3.175118	0.83344	0.16656	1.450858
3888	-392.9786	-717.7781	324.7995	1.597761	1.230899	0.953638	0.0463624	1.259884
3894	-406.8093	-731.1307	324.3215	1.675364	1.87934	0.952095	0.0479049	1.203335
3900	-405.2289	-730.2523	325.0234	1.771163	0.8879507	0.845247	0.154753	1.203335
3906	-390.4801	-714.8514	324.3713	1.825161	1.515022	0.887407	0.112593	1.240616
3912	-397.4892	-722.5145	325.0254	1.676156	0.9312991	0.742864	0.257136	1.242711
3918	-393.3917	-717.1925	323.8008	1.252152	1.318157	0.877202	0.122798	2.166802
3924	-389.6421	-713.8414	324.1993	1.541749	1.189746	0.872146	0.127854	1.77804
3930	-402.3847	-726.8421	324.4574	1.451947	1.219979	0.847606	0.152394	1.640483
3936	-395.7973	-720.5863	324.7889	1.610088	0.7360112	0.805475	0.194525	1.64685
3942	-387.704	-713.2434	325.5394	1.54399	0.5384667	0.715664	0.284336	1.339592
3948	-385.16	-709.9531	324.7931	1.984662	1.122519	0.729436	0.270564	1.004103
3954	-380.1537	-704.6834	324.5298	2.221218	1.421434	0.971678	0.028322	0.739832
3960	-388.292	-711.2911	322.9991	2.135778	4.336131	0.973915	0.0260847	1.027849
3966	-394.5376	-718.6563	324.1187	2.163518	1.957636	0.922358	0.0776417	0.881002
3972	-384.3049	-709.3604	325.0555	2.237706	0.8678508	0.729312	0.270688	0.6790358
3978	-380.0304	-705.012	324.9816	2.239464	0.9006271	0.813939	0.186061	0.740366
3984	-391.351	-716.6331	325.2822	2.192364	0.7546392	0.731507	0.268493	0.5400719
3990	-393.1294	-717.7522	324.6228	2.150872	1.464469	0.808323	0.191677	0.6386575
3996	-388.4569	-712.932	324.4752	2.042428	1.554268	0.79003	0.20997	0.9120585
4002	-415.1169	-738.6868	323.5699	1.715878	2.627118	0.660237	0.339763	1.451815
4008	-410.6583	-733.2102	322.5518	1.616014	5.650847	0.883185	0.116815	1.522429
4014	-390.8056	-714.4911	323.6855	1.920857	2.390698	0.839841	0.160159	1.290684
4020	-401.41	-725.6146	324.2045	1.738085	1.546957	0.899698	0.100302	1.425456
4026	-404.6223	-727.4833	322.8611	1.452758	1.546957	0.90771	0.0922896	2.525888
4032	-408.1416	-730.7461	322.6046	1.86158	4.049854	0.81707	0.18293	1.643199
4038	-418.6473	-743.0619	324.4146	1.86158	1.415106	0.824546	0.175454	1.236467
4044	-401.9814	-726.1375	324.1561	1.847905	1.76429	0.921407	0.0785933	1.258481
4050	-397.7107	-722.8716	325.161	1.461307	0.4487784	0.567661	0.432339	1.790029
4056	-392.3381	-716.4503	324.1122	1.379032	1.214093	0.913504	0.0864961	1.934515
4062	-409.8978	-732.9073	323.0095	1.811865	2.99829	0.949463	0.0505366	1.671299
4068	-397.7514	-721.8453	324.0939	1.762864	1.881987	0.913251	0.0867494	1.318092
4074	-405.9884	-730.6396	324.6512	1.966127	1.349586	0.845858	0.154142	0.9703359
4080	-407.4135	-732.158	324.7445	1.781487	1.417587	0.860881	0.139119	1.00893
4086	-396.3876	-721.825	325.4374	2.048899	0.7042506	0.889209	0.110791	0.6845032
4092	-408.2009	-734.3282	326.1273	1.927713	0.2704703	0.920628	0.0793719	0.935816
4098	-392.305	-717.2948	324.9898	2.031194	0.9206159	0.730894	0.269106	0.9591466
4104	-392.1261	-715.3118	323.1857	1.796249	5.734619	0.958876	0.0411238	0.7524357
4110	-392.5472	-716.5762	324.0289	1.89502	2.746884	0.956831	0.0431689	0.818216
4116	-383.9712	-708.4176	324.4464	2.089478	1.674846	0.817005	0.182995	0.7880018
4122	-392.5293	-717.0164	324.4871	2.023973	1.630536	0.698521	0.301479	0.85812
4128	-390.7729	-715.8022	325.0292	1.744248	1.282286	0.982315	0.0176854	0.85812
4134	-387.3723	-712.7797	325.4073	1.716182	0.4822637	0.633474	0.366526	1.380365
4140	-404.3337	-729.356	325.0223	1.700344	0.4822637	0.771051	0.228949	1.678588
4146	-393.6188	-717.4652	323.8464	1.760307	3.022276	0.920027	0.0799727	1.032927
4152	-407.9562	-732.636	324.6798	2.106205	1.370842	0.41624	0.58376	0.7462713
4158	-394.8709	-718.8912	324.0203	1.976333	2.794985	0.962938	0.0370617	0.6742243
4164	-409.7076	-732.9123	323.2047	1.557606	3.830654	0.72274	0.27726	1.480269
4170	-403.5658	-727.843	324.2771	2.168159	1.896987	0.845517	0.154483	0.7096784
4176	-412.5611	-736.8383	324.2771	2.168159	1.896987	0.917297	0.0827027	0.7096784
4182	-400.73	-725.3576	324.6276	1.774418	1.165479	0.860218	0.139782	1.302776
4188	-394.8743	-719.9211	325.0468	1.774418	0.9857191	0.71656	0.28344	1.088552
4194	-385.5615	-709.4339	323.8724	1.835411	1.766422	0.95067	0.0493305	1.49048
4200	-384.4274	-708.4219	323.9946	2.18068	2.278128	0.886083	0.113917	0.7900571
4206	-400.7621	-725.3598	324.5976	2.0137	1.01687	0.860832	0.139168	1.245111
4212	-388.0483	-711.0442	322.9959	1.86929	5.301135	0.921048	0.0789516	1.018085
4218	-398.8337	-722.9136	324.0799	1.86929	1.868533	0.88385	0.11615	1.249174
4224	-395.7711	-719.7949	324.0239	1.755218	2.201424	0.81749	0.18251	1.230078
4230	-391.2711	-715.0077	323.7366	1.517498	1.675735	0.834801	0.165199	1.857271
4236	-392.3611	-717.0931	324.7321	1.630995	0.8088129	0.809811	0.190189	1.609157
4242	-388.3497	-713.2473	324.8976	1.670856	0.654948	0.756397	0.243603	1.601069
4248	-392.1112	-716.0595	323.9484	1.615495	1.496205	0.794422	0.205578	1.730104
4254	-395.1111	-720.792	325.6809	2.255191	0.2790605	0.945132	0.054868	1.035102
4260	-380.6469	-704.726	324.0791	1.948583	2.423108	0.809851	0.190149	0.8807417
4266	-392.9559	-716.8653	323.9094	1.783637	2.102657	0.844626	0.155374	1.345167
4272	-384.0447	-707.6562	323.6115	1.484139	2.32215	0.78666	0.21334	1.702019
4278	-390.6531	-713.427	322.774	1.57744	3.102349	0.825414	0.174586	1.965545
4284	-390.923	-715.3564	324.4333	1.576268	1.326426	0.901635	0.0983653	1.501882
4290	-415.8951	-739.6171	323.722	1.808631	2.031278	0.792888	0.207112	1.501882
4296	-407.5948	-731.716	324.1212	1.652015	1.99607	0.835234	0.164766	1.330153
4302	-407.6043	-732.7268	325.1225	1.47371	0.9019546	0.894333	0.105667	1.353819
4308	-409.3017	-733.5489	324.2473	1.753001	2.051173	0.767279	0.232721	1.110241
4314	-424.9781	-749.11	324.1319	1.643063	1.999181	0.780554	0.219446	1.327306
4320	-413.8319	-738.6609	324.829	1.391759	0.8586781	0.842923	0.157077	1.670471
4326	-417.8311	-742.3299	324.4988	1.54325	1.003325	0.878546	0.121454	1.688908
4332	-396.495	-721.9133	325.4183	1.699989	0.4054628	0.897014	0.102986	1.490363
4338	-403.4982	-727.3706	323.8723	1.622442	2.025979	0.756117	0.243883	1.530927
4344	-399.2156	-723.7594	324.5439	1.983278	0.9476048	0.856457	0.143543	1.37018
4350	-401.0272	-725.547	324.5199	1.843717	0.5879663	0.790783	0.209217	1.813235
4356	-399.8972	-722.5334	322.6363	1.512602	2.831347	0.99285	0.00715033	2.175733
4362	-388.2521	-712.0903	323.8382	1.481963	0.7825091	0.86978	0.13022	2.331627
4368	-385.8713	-709.7057	323.8345	1.399369	1.284611	0.840059	0.159941	2.06639
4374	-392.1064	-716.2324	324.126	1.399369	1.284611	0.814169	0.185831	1.87092
4380	-396.0637	-721.0719	325.0082	1.99557	0.7672018	0.782574	0.217426	1.142274
4386	-415.3306	-740.9704	325.6399	1.644324	0.497198	0.805781	0.194219	1.229719
4392	-407.2745	-732.4189	325.1444	1.999641	0.6349822	0.663822	0.336178	1.170427
4398	-408.0736	-733.4228	325.3492	2.162302	0.6161952	0.830964	0.169036	0.8251504
4404	-422.8175	-747.4817	324.6642	1.9508	1.187055	0.826349	0.173651	1.103863
4410	-417.7288	-741.3034	323.5747	1.294303	1.830832	0.839332	0.160668	2.048329
4416	-408.0884	-732.0016	323.9132	1.553306	1.665293	0.95507	0.0449302	1.714649
4422	-402.4017	-726.3396	323.938	1.63461	1.335375	0.839465	0.160535	1.810137
4428	-399.4075	-722.7547	323.3473	1.712546	2.104207	0.90314	0.0968596	1.809658
4434	-406.9705	-730.9413	323.9708	1.453444	2.366808	0.966423	0.033577	1.44396
4440	-404.1075	-727.4325	323.325	1.569681	2.366808	0.658728	0.341272	1.826178
4446	-407.4543	-731.0605	323.6062	1.493939	2.468135	0.828394	0.171606	1.645898
4452	-389.9992	-713.9445	323.9453	1.693101	1.652241	0.654665	0.345335	1.597839
4458	-399.9308	-723.8123	323.8815	1.451798	1.331517	0.959	0.0410003	1.974875
4464	-385.8233	-710.7906	324.9672	1.570937	1.082428	0.969348	0.0306517	1.253404
4470	-407.2791	-732.4783	325.1992	1.714559	0.7132495	0.771818	0.228182	1.27658
4476	-408.3974	-733.6362	325.2389	1.696612	0.613627	0.515235	0.484765	1.367625
4482	-410.9153	-735.9234	325.0081	1.768927	0.7752262	0.678887	0.321113	1.324986
4488	-395.2797	-719.3438	324.064	1.522801	1.389745	0.86362	0.13638	1.770405
4494	-412.2811	-736.9743	324.6931	1.537207	1.389745	0.865823	0.134177	1.290601
4500	-423.2715	-748.3695	325.098	1.690795	0.8009454	0.645214	0.354786	1.290601
4506	-423.8062	-748.2175	324.4113	1.743038	1.170141	0.94112	0.0588802	1.492545
4512	-419.1726	-744.0508	324.8782	1.743038	1.170141	0.852662	0.147338	1.111854
4518	-410.2778	-734.8445	324.5667	1.79175	1.015495	0.841432	0.158568	1.447584
4524	-421.6387	-746.0659	324.4272	1.93119	1.015495	0.77347	0.22653	1.447584
4530	-393.9537	-718.2624	324.3087	1.852245	0.9820239	0.895443	0.104557	1.619079
4536	-416.64	-740.4803	323.8402	1.742532	2.125158	0.856888	0.143112	1.421634
4542	-419.0984	-743.4293	324.3309	2.183321	1.551288	0.697974	0.302026	0.9181258
4548	-416.6369	-741.4544	324.8175	2.183321	0.9768291	0.675097	0.324903	0.9181258
4554	-408.6098	-733.5522	324.9424	2.30024	0.9637258	0.885435	0.114565	0.4945765
4560	-405.3627	-730.0604	324.6977	1.861523	1.519092	0.923128	0.0768717	0.8938863
4566	-390.3192	-714.7074	324.3882	1.74411	1.512334	0.676908	0.323092	1.295209
4572	-405.2613	-729.2982	324.0368	2.621444	1.629269	0.926974	0.0730256	0.3877348
4578	-412.4341	-738.4925	326.0584	2.446846	0.1816637	0.914176	0.0858241	0.3677944
4584	-409.2009	-731.1424	321.9415	1.981705	11.13145	0.896716	0.103284	0.8222833
4590	-412.0212	-736.3492	324.328	1.922274	2.109491	0.862174	0.137826	0.8126639
4596	-395.6002	-718.3523	322.7521	1.979004	4.315281	0.860374	0.139626	1.380513
4602	-392.1594	-716.088	323.9286	1.742442	2.062695	0.849471	0.150529	1.380513
4608	-412.7524	-737.5412	324.7888	1.570857	1.10477	0.734453	0.265547	1.380513
4614	-406.1996	-730.4834	324.2839	1.985904	1.523047	0.816026	0.183974	1.173052
4620	-394.5884	-719.3862	324.7979	2.057016	1.227322	0.865811	0.134189	0.8144707
4626	-404.5392	-729.3343	324.795	2.071705	1.227322	0.877513	0.122487	0.7988837
4632	-397.1612	-721.5411	324.3799	2.268168	1.620098	0.82255	0.17745	0.6679971
4638	-393.6046	-717.9506	324.346	2.302023	1.620098	0.825071	0.174929	0.6679971
4644	-401.9538	-725.6463	323.6925	1.972091	3.668502	0.877798	0.122202	0.6336092
4650	-396.843	-720.0622	323.2192	2.248194	4.228713	0.691477	0.308523	0.6481306
4656	-401.1223	-726.1369	325.0146	2.248194	0.921187	0.647447	0.352553	0.6188001
4662	-400.9382	-726.7735	325.8353	1.891233	0.4920913	0.815961	0.184039	0.7941582
4668	-405.703	-731.375	325.6719	2.075096	0.4776296	0.745083	0.254917	0.799458
4674	-406.1625	-731.1881	325.0256	2.067389	0.975235	0.985824	0.014176	0.8104698
4680	-398.8956	-723.3828	324.4872	1.816991	1.146993	0.758607	0.241393	1.393707
4686	-387.2075	-711.545	324.3375	1.70534	1.497234	0.617815	0.382185	1.375597
4692	-404.0964	-728.3436	324.2472	2.029631	1.937122	0.528836	0.471164	0.9011994
4698	-397.9149	-722.3176	324.4027	2.16325	1.589443	0.713744	0.286256	0.825699
4704	-394.7064	-718.9322	324.2258	2.366899	1.593372	0.953837	0.0461627	0.7868518
4710	-398.6853	-722.2336	323.5484	2.260447	3.107276	0.853878	0.146122	0.3062347
4716	-398.6056	-723.3526	324.7471	2.650941	0.7389963	0.959242	0.0407582	0.3092463
4722	-411.811	-735.7617	323.9507	2.0693	2.636144	0.834432	0.165568	0.7569085
4728	-401.1816	-726.8324	325.6509	2.109189	0.4879003	0.744803	0.255197	0.7569085
4734	-407.6383	-731.1969	323.5587	2.803454	1.820045	0.920097	0.0799029	0.2465432
4740	-413.197	-736.0567	322.8598	1.538356	4.186385	0.78304	0.21696	1.659775
4746	-418.4149	-744.1177	325.7027	1.725313	0.5669627	0.759675	0.240325	0.9982772
4752	-414.4569	-737.6772	323.2202	2.912695	1.928004	0.84744	0.15256	0.1854675
4758	-396.6933	-721.0661	324.3728	2.390949	1.415723	0.820093	0.179907	0.3262757
4764	-405.1274	-727.6804	322.553	1.793637	6.200527	0.922575	0.0774253	1.278827
4770	-394.3485	-719.0317	324.6832	2.027035	1.520417	0.933197	0.0668033	0.684343
4776	-388.0881	-713.0084	324.9203	2.026492	1.104803	0.873846	0.126154	0.8362904
4782	-402.0774	-726.9886	324.9112	1.862448	1.459281	0.745702	0.254298	0.6474858
4788	-413.8961	-738.2238	324.3277	2.252192	1.709567	0.878944	0.121056	0.6825859
4794	-416.1141	-738.3377	322.2236	1.52433	3.913909	0.745113	0.254887	2.162619
4800	-417.2327	-743.2986	326.0659	1.740288	0.452063	0.882163	0.117837	0.779502
4806	-396.7097	-720.7361	324.0264	1.619765	1.298686	0.814866	0.185134	1.779754
4812	-404.3271	-726.9678	322.6406	1.636423	3.075002	0.839402	0.160598	2.022724
4818	-406.7072	-731.1275	324.4203	1.790481	1.752361	0.980506	0.0194937	1.084631
4824	-414.6402	-738.7207	324.0805	1.586526	1.204997	0.730843	0.269157	1.820082
4830	-398.2701	-721.9896	323.7196	1.56339	1.562622	0.802142	0.197858	1.891
4836	-409.9593	-735.165	325.2057	1.60358	0.5666989	0.724813	0.275187	1.517165
4842	-404.8671	-729.4413	324.5742	1.864243	1.158546	0.681414	0.318586	1.278105
4848	-412.3045	-737.7788	325.4743	1.577534	0.6002391	0.797458	0.202542	1.289819
4854	-413.2533	-737.9997	324.7464	1.809681	1.126388	0.742542	0.257458	1.203874
4860	-406.3352	-732.2892	325.954	1.773558	0.2853896	0.628682	0.371318	1.209613
4866	-400.0321	-724.9985	324.9664	1.987554	1.195042	0.975518	0.024482	0.710819
4872	-390.7406	-716.2923	325.5517	1.695162	0.5632239	0.725419	0.274581	1.171834
4878	-388.4743	-712.5392	324.065	1.860961	1.843644	0.849341	0.150659	1.281243
4884	-395.7702	-719.8718	324.1016	1.724314	1.183017	0.888321	0.111679	1.722788
4890	-405.3136	-728.2024	322.8887	1.343489	1.971697	0.800053	0.199947	2.403685
4896	-414.6858	-738.5905	323.9047	1.616645	0.9924737	0.712809	0.287191	2.052089
4902	-417.5468	-743.2552	325.7084	1.777763	0.5234066	0.735305	0.264695	1.007903
4908	-418.9459	-744.9716	326.0258	2.007451	0.2515483	0.793397	0.206603	1.007903
4914	-398.0322	-723.6524	325.6202	1.822448	0.4942284	0.782592	0.217408	1.094855
4920	-411.9871	-737.8242	325.8371	1.503583	0.2486019	0.744187	0.255813	1.584108
4926	-416.3605	-740.9508	324.5903	1.521721	0.7609417	0.778599	0.221401	1.826756
4932	-425.3819	-749.5227	324.1408	1.618458	1.620642	0.866124	0.133876	1.524908
4938	-421.397	-745.8328	324.4358	1.594472	1.778489	0.876405	0.123595	1.2289
4944	-409.0773	-733.6623	324.585	1.591838	0.5866503	0.916709	0.083291	1.941832
4950	-411.769	-736.847	325.0781	2.085795	0.7988483	0.878044	0.121956	0.9523585
4956	-394.532	-718.9626	324.4306	1.911287	1.636579	0.811264	0.188736	1.033725
4962	-392.8793	-717.6715	324.7923	1.887275	1.259427	0.873214	0.126786	0.9821063
4968	-391.3899	-715.2568	323.8669	1.913038	2.456721	0.663588	0.336412	1.113397
4974	-401.227	-724.9672	323.7402	1.824391	3.454528	0.812102	0.187898	0.8970095
4980	-396.108	-720.3503	324.2423	1.892356	2.38341	0.910112	0.0898883	0.7703174
4986	-400.3047	-724.7082	324.4035	1.896448	1.958267	0.740673	0.259327	0.8597505
4992	-395.3147	-719.7763	324.4616	1.925365	1.219394	0.774991	0.225009	1.276515
4998	-388.8926	-712.7934	323.9008	1.838796	2.400073	0.943298	0.0567019	1.174521
5004	-383.3926	-707.9863	324.5936	1.687129	1.13051	0.780065	0.219935	1.423433
5010	-392.0642	-716.3498	324.2855	1.717814	1.448252	0.902774	0.0972256	1.434554
5016	-387.9971	-714.1548	326.1577	1.509057	0.2592045	0.762941	0.237059	1.313766
5022	-393.6822	-718.4296	324.7474	1.977518	0.734297	0.874914	0.125086	1.40588
5028	-394.3091	-718.636	324.3269	1.61057	1.139139	0.838194	0.161806	1.671497
5034	-418.2177	-742.153	323.9352	2.15402	2.216621	0.957802	0.0421978	0.9322535
5040	-409.1153	-733.884	324.7687	1.949286	1.023819	0.810267	0.189733	1.147603
5046	-404.8901	-729.1183	324.2282	1.427195	1.263344	0.953797	0.0462026	1.793698
5052	-396.2581	-721.0279	324.7697	1.653011	0.651658	0.805337	0.194663	1.708697
5058	-386.9083	-711.0078	324.0995	1.944401	2.323593	0.710644	0.289356	0.9198854
5064	-392.6449	-717.4355	324.7907	2.035341	1.015903	0.6636	0.3364	1.055766
5070	-395.2058	-719.3771	324.1712	1.82212	1.73887	0.860247	0.139753	1.280909
5076	-404.5258	-729.1523	324.6265	1.977489	1.149671	0.575041	0.424959	1.143748
5082	-397.9978	-723.4056	325.4078	2.001847	0.636167	0.888783	0.111217	0.9120659
5088	-396.4574	-720.6439	324.1865	1.827001	2.194317	0.777282	0.222718	1.022305
5094	-399.5704	-723.9486	324.3782	2.028376	1.894923	0.888149	0.111851	0.7712642
5100	-402.033	-727.4442	325.4113	1.891555	0.8762134	0.754204	0.245796	0.6399327
5106	-390.3791	-715.9709	325.5919	1.815773	0.4856155	0.615876	0.384124	1.139657
5112	-412.5096	-736.7368	324.2273	2.044211	1.98455	0.900812	0.099188	0.874975
5118	-413.0777	-737.5008	324.4231	1.668981	1.98455	0.833329	0.166671	1.061145
5124	-414.1195	-738.4797	324.3602	1.61892	0.7914807	0.712486	0.287514	1.892457
5130	-397.8141	-722.3456	324.5315	1.290344	1.240243	0.86602	0.13398	1.690616
5136	-406.0746	-729.3602	323.2857	1.888159	4.04179	0.88404	0.11596	1.081577
5142	-390.209	-714.4108	324.2018	1.903974	1.993318	0.864269	0.135731	1.043183
5148	-396.0588	-721.1715	325.1127	2.058377	0.7700222	0.854491	0.145509	0.9806385
5154	-400.706	-725.4449	324.7388	1.9963	1.332965	0.719213	0.280787	0.8545127
5160	-391.4001	-716.7608	325.3607	1.664883	1.01586	0.777348	0.222652	0.8442163
5166	-392.5976	-717.4568	324.8592	1.998025	1.155717	0.704956	0.295044	0.8876891
5172	-409.0279	-733.2489	324.221	1.478646	2.112435	0.97381	0.02619	1.335528
5178	-409.6083	-733.0432	323.4349	1.541746	3.751596	0.971987	0.0280131	1.335528
5184	-413.6425	-737.1085	323.466	1.481076	3.693901	0.966564	0.0334363	1.375308
5190	-393.3415	-717.7195	324.378	2.046969	1.625202	0.691094	0.308906	0.9580996
5196	-385.6674	-710.0181	324.3508	1.59731	1.281983	0.824328	0.175672	1.574391
5202	-406.7468	-730.9243	324.1775	1.753381	2.396707	0.901584	0.0984165	0.9986173
5208	-390.7564	-715.1443	324.3879	1.578861	1.569537	0.850221	0.149779	1.394245
5214	-391.5958	-715.4042	323.8084	1.612111	3.093293	0.920134	0.0798659	1.176072
5220	-402.6554	-726.4736	323.8182	1.474846	0.9122961	0.892537	0.107463	2.254967
5226	-396.7267	-720.055	323.3283	1.587788	2.410685	0.806329	0.193671	1.795908
5232	-393.2061	-717.6528	324.4467	1.78642	1.343346	0.959825	0.0401747	1.318049
5238	-410.2856	-735.1049	324.8193	1.72141	0.7167336	0.786223	0.213777	1.561648
5244	-398.0581	-722.7247	324.6666	1.483923	0.9312568	0.904416	0.0955844	1.664317
5250	-395.6276	-721.0201	325.3925	1.893025	0.7027505	0.770151	0.229849	0.949422
5256	-405.6466	-729.9549	324.3083	1.560372	1.992552	0.916067	0.0839328	1.253914
5262	-410.8727	-735.265	324.3923	1.498609	2.073098	0.835577	0.164423	1.195709
5268	-408.7059	-732.0167	323.3108	1.762956	4.279551	0.939229	0.0607711	1.10238
5274	-428.1119	-752.3056	324.1937	1.874218	2.280067	0.903575	0.0964248	0.918561
5280	-425.2837	-749.4598	324.176	1.878902	1.555407	0.833373	0.166627	1.332572
5286	-409.6075	-732.8437	323.2362	1.745053	3.703102	0.914078	0.0859225	1.345649
5292	-427.6876	-751.6375	323.9499	1.567408	2.046245	0.895243	0.104757	1.505363
5298	-410.9714	-733.2363	322.2649	1.404967	4.268463	0.894706	0.105294	2.137103
5304	-407.3779	-730.9794	323.6015	1.382753	2.459052	0.905257	0.0947429	1.731416
5310	-419.3912	-744.683	325.2918	1.669514	0.6199095	0.720695	0.279305	1.34002
5316	-418.1282	-742.7534	324.6251	2.077623	1.04658	0.85374	0.14626	1.14142
5322	-416.7075	-741.3037	324.5962	1.785102	1.108987	0.718011	0.281989	1.360402
5328	-418.194	-742.8597	324.6657	2.093928	1.492212	0.833705	0.166295	0.6229534
5334	-415.031	-738.6699	323.6389	1.628808	1.950917	0.895352	0.104648	1.726779
5340	-414.2317	-737.6287	323.397	1.646618	2.293433	0.844294	0.155706	1.749226
5346	-418.1149	-742.0061	323.8912	1.385414	1.246446	0.984012	0.0159879	2.059203
5352	-416.6995	-741.4958	324.7963	1.725419	1.045037	0.825153	0.174847	1.296277
5358	-402.1681	-726.9807	324.8126	1.908987	0.9461394	0.838315	0.161685	1.212623
5364	-407.661	-731.7919	324.131	1.908987	2.127387	0.841321	0.158679	1.032517
5370	-399.3066	-724.0357	324.729	2.045673	1.00948	0.68151	0.31849	1.109375
5376	-387.5772	-712.385	324.8078	1.710514	1.289752	0.841017	0.158983	1.112416
5382	-389.5839	-713.6635	324.0796	1.710514	2.767812	0.726908	0.273092	0.9606156
5388	-393.6441	-718.2755	324.6313	2.239465	1.324536	0.874285	0.125715	0.6637903
5394	-394.1849	-719.3996	325.2147	1.94693	0.9414755	0.857935	0.142065	0.7642426
5400	-385.6901	-711.3741	325.684	2.115692	0.4404653	0.896036	0.103964	0.8159769
5406	-394.6434	-719.3	324.6566	2.050651	1.459752	0.907431	0.092569	0.7618957
5412	-401.089	-726.742	325.653	2.078882	0.4761981	0.898065	0.101935	0.8223966
5418	-400.5426	-726.1131	325.5706	1.671429	0.5108686	0.854679	0.145321	1.246246
5424	-400.6807	-725.5577	324.877	2.203004	1.023432	0.906966	0.0930337	0.7620973
5430	-404.1096	-729.1224	325.0128	1.728304	0.6434052	0.718615	0.281385	1.485058
5436	-391.831	-716.3826	324.5516	1.745472	1.027693	0.784582	0.215418	1.485058
5442	-387.025	-711.1032	324.0782	1.717675	1.272925	0.927141	0.0728588	1.68952
5448	-401.0844	-724.8873	323.8029	1.787698	1.68019	0.809576	0.190424	1.618787
5454	-391.1537	-716.1201	324.9664	1.832547	0.6457763	0.748239	0.251761	1.438659
5460	-400.7287	-725.9252	325.1965	1.69258	0.6627853	0.95674	0.0432603	1.350246
5466	-401.1482	-725.6627	324.5144	1.640848	1.150431	0.813635	0.186365	1.505009
5472	-420.6257	-744.2096	323.5839	1.608135	2.676859	0.857108	0.142892	1.505009
5478	-411.327	-737.1843	325.8573	1.535452	0.4666712	0.894587	0.105413	1.181228
5484	-422.3263	-747.5904	325.2641	1.973378	0.7273853	0.563789	0.436211	0.9667014
5490	-416.0246	-740.7895	324.7648	1.665088	0.8092194	0.918174	0.081826	1.55996
5496	-413.4356	-737.0645	323.6289	1.490147	1.349115	0.948239	0.0517607	2.107459
5502	-405.298	-729.5785	324.2805	1.930136	1.451281	0.826258	0.173742	1.268101
5508	-409.8617	-733.3818	323.5201	1.741567	1.934567	0.747984	0.252016	1.737913
5514	-411.9711	-737.4065	325.4354	1.644383	0.2776655	0.919821	0.0801786	1.718416
5520	-411.1945	-736.4353	325.2408	1.752973	0.3162752	0.547934	0.452066	1.715163
5526	-410.1564	-735.2939	325.1375	1.961174	0.7757479	0.88273	0.11727	1.045343
5532	-422.5662	-747.5878	325.0216	2.017308	0.7757479	0.864842	0.135158	1.101252
5538	-401.3698	-726.0679	324.6981	1.934466	1.246428	0.916837	0.0831632	1.039398
5544	-412.6364	-737.4984	324.862	1.880412	0.7466896	0.691713	0.308287	1.380174
5550	-421.7013	-747.5214	325.82	1.80619	0.2247617	0.765606	0.234394	1.418242
5556	-402.2673	-727.1718	324.9045	1.740416	1.407984	0.733182	0.266818	0.8909349
5562	-410.3685	-735.6814	325.313	1.770083	0.2846024	0.974721	0.0252793	1.704216
5568	-396.641	-720.866	324.225	1.638655	1.042346	0.753392	0.246608	1.78723
5574	-398.4386	-722.4973	324.0587	1.804904	1.174545	0.982278	0.0177219	1.701407
5580	-411.3342	-734.401	323.0668	1.326015	4.0312	0.936976	0.0630241	1.699971
5586	-424.3423	-748.5063	324.1639	1.517435	1.185409	0.884238	0.115762	1.821973
5592	-412.1275	-733.8441	321.7167	1.581204	8.262533	0.966874	0.033126	1.744189
5598	-406.3269	-729.8646	323.5377	1.749601	2.702312	0.915381	0.0846194	1.423736
5604	-419.6261	-743.4348	323.8087	1.689186	1.433713	0.934587	0.065413	1.808656
5610	-400.8374	-725.0949	324.2575	1.635425	1.380381	0.769478	0.230522	1.556737
5616	-393.666	-716.5454	322.8795	1.350953	3.055198	0.855835	0.144165	2.059103
5622	-394.1989	-718.6633	324.4644	1.528174	0.8675917	0.897308	0.102692	1.823388
5628	-393.0201	-717.0891	324.069	1.468203	1.906513	0.52033	0.47967	1.552091
5634	-404.6648	-728.6023	323.9374	1.706436	2.729746	0.804998	0.195002	1.118466
5640	-407.1586	-731.2125	324.0538	1.870456	1.868605	0.801771	0.198229	1.269816
5646	-412.8119	-737.4045	324.5926	1.870456	1.130402	0.637149	0.362851	1.278754
5652	-411.9999	-734.4974	322.4975	1.415375	2.356424	0.875641	0.124359	2.470919
5658	-408.7579	-731.9601	323.2022	1.509343	1.329014	0.748043	0.251957	2.380098
5664	-394.8266	-719.159	324.3324	1.76054	1.03575	0.93194	0.0680603	1.629604
5670	-400.6393	-725.0465	324.4072	1.816851	1.595301	0.878221	0.121779	1.168027
5676	-400.6946	-725.8235	325.1289	2.076456	0.8469546	0.88163	0.11837	0.8424822
5682	-402.9436	-727.8442	324.9006	2.219432	0.8469546	0.930258	0.069742	0.9398902
5688	-397.5527	-720.8823	323.3297	1.507798	2.611884	0.992841	0.00715903	1.782069
5694	-407.6427	-732.3297	324.687	1.410125	1.125061	0.994032	0.00596791	1.565243
5700	-405.7722	-729.4585	323.6862	1.746362	3.021269	0.897282	0.102718	1.191695
5706	-419.1942	-743.0164	323.8222	1.812354	2.961025	0.773446	0.226554	1.031211
5712	-409.6934	-734.8033	325.1099	2.079275	0.9889626	0.901632	0.0983679	0.6274117
5718	-404.739	-729.7594	325.0204	1.815526	1.078104	0.917664	0.0823361	0.9872301
5724	-427.3106	-750.9638	323.6532	1.611211	0.5408379	0.889113	0.110887	2.573709
5730	-408.5681	-731.1234	322.5553	2.263243	6.750022	0.878622	0.121378	0.4020931
5736	-413.5974	-738.1606	324.5632	2.162043	1.549088	0.94293	0.0570699	0.6042225
5742	-408.7915	-732.9085	324.1169	1.89649	2.689159	0.871935	0.128065	0.7290639
5748	-420.0964	-744.3998	324.3033	2.183699	1.755207	0.87577	0.12423	0.7820424
5754	-414.2067	-739.3186	325.1119	1.899147	0.7760987	0.662614	0.337386	1.126139
5760	-405.358	-730.5168	325.1588	1.883697	1.022197	0.59324	0.40676	0.8149905
5766	-410.7708	-735.7542	324.9834	1.961041	0.8830601	0.913401	0.0865992	1.074472
5772	-404.1315	-728.6316	324.5001	1.629736	0.9104814	0.781382	0.218618	1.694724
5778	-412.2734	-736.0474	323.774	1.429261	2.239364	0.753416	0.246584	1.656566
5784	-408.9715	-733.0931	324.1217	1.906954	1.939197	0.946377	0.0536226	1.143925
5790	-410.4177	-733.9646	323.5469	1.638364	3.888077	0.841756	0.158244	1.118856
5796	-424.2421	-748.5481	324.306	1.729186	1.149785	0.832611	0.167389	1.594104
5802	-402.2043	-726.0325	323.8282	1.950742	2.677973	0.793826	0.206174	1.013708
5808	-402.2598	-725.7467	323.4869	1.470955	1.807547	0.816012	0.183988	1.999076
5814	-398.6314	-723.8005	325.1691	1.950034	0.7145672	0.663822	0.336178	1.097435
5820	-398.8727	-723.0083	324.1356	1.60112	1.569575	0.599929	0.400071	1.567972
5826	-386.614	-710.9582	324.3442	1.485069	0.794275	0.81972	0.18028	1.991092
5832	-394.1788	-719.5908	325.4119	1.790174	0.794275	0.684572	0.315428	0.9170359
5838	-402.1843	-726.3422	324.1579	1.7404	2.465389	0.990243	0.00975659	0.9966758
5844	-400.3009	-724.4765	324.1756	1.901171	1.69869	0.611524	0.388476	1.233731
5850	-398.1139	-723.075	324.9612	1.762049	1.024697	0.912476	0.0875242	1.142155
5856	-402.0593	-726.567	324.5077	1.817683	1.024697	0.765569	0.234431	1.465837
5862	-401.0633	-725.212	324.1487	1.645212	1.096511	0.966991	0.0330093	1.799856
5868	-410.7215	-736.2275	325.506	1.419792	0.6848937	0.610269	0.389731	1.296982
5874	-381.879	-706.6755	324.7965	1.951085	1.343646	0.866704	0.133296	0.8286472
5880	-395.2413	-719.0431	323.8018	1.98404	2.691975	0.795919	0.204081	1.000418
5886	-391.9562	-715.224	323.2678	2.152301	4.052076	0.838213	0.161787	0.8156199
5892	-387.2737	-710.4921	323.2184	1.488577	3.489675	0.876636	0.123364	1.612425
5898	-391.918	-716.1778	324.2598	1.621389	1.051158	0.79663	0.20337	1.769075
5904	-381.6734	-706.4826	324.8092	1.889588	1.040488	0.791356	0.208644	1.150198
5910	-380.0064	-705.5543	325.5479	1.942514	0.6383994	0.866415	0.133585	0.8120631
5916	-392.1782	-716.9136	324.7354	1.646088	1.080923	0.783105	0.216895	1.380853
5922	-388.4797	-713.5933	325.1136	1.976052	0.8160205	0.576999	0.423001	1.007542
5928	-395.6103	-721.538	325.9277	1.841884	0.4494188	0.786036	0.213964	0.833771
5934	-403.9881	-730.4864	326.4983	1.989477	0.1526553	0.784973	0.215027	0.833771
5940	-389.0768	-714.9337	325.8569	1.813281	0.522539	0.917734	0.0822664	0.8029139
5946	-403.4978	-728.4424	324.9446	1.885823	1.266585	0.820748	0.179252	0.8029139
5952	-396.984	-722.7593	325.7752	1.9845	0.4939205	0.77115	0.22885	0.7422286
5958	-390.7714	-715.6192	324.8478	2.248589	1.084993	0.873065	0.126935	0.6257911
5964	-381.5404	-707.8433	326.3029	2.248589	0.1747346	0.799863	0.200137	0.4098431
5970	-430.8126	-756.613	325.8004	1.927645	0.322557	0.916103	0.0838971	1.134188
5976	-415.0143	-740.1572	325.1429	1.759702	0.4885501	0.672648	0.327352	1.540339
5982	-425.5485	-750.8409	325.2924	2.272405	0.6606455	0.894279	0.105721	0.6423841
5988	-428.4018	-754.1319	325.7301	2.281671	0.4025298	0.925505	0.0744947	0.5189479
5994	-414.843	-740.836	325.993	1.895456	0.2165165	0.882869	0.117131	1.2259
6000	-404.9393	-730.3407	325.4014	2.158831	0.6171304	0.971781	0.0282193	0.7569943
6006	-399.3326	-724.5209	325.1883	1.756544	0.6925743	0.754772	0.245228	1.273108
6012	-410.8144	-736.0371	325.2227	1.459619	0.6925743	0.727135	0.272865	1.479497
6018	-400.72	-725.6453	324.9254	1.508083	0.6097596	0.736206	0.263794	1.742563
6024	-418.4524	-743.6485	325.1961	1.460958	0.5964221	0.916053	0.0839465	1.596702
6030	-424.2996	-747.7246	323.425	1.152371	1.58989	0.821488	0.178512	2.340877
6036	-427.0544	-751.5011	324.4467	1.268747	0.9852331	0.934892	0.065108	1.927338
6042	-407.5273	-732.5784	325.0511	1.914644	0.9991602	0.864401	0.135599	0.9317348
6048	-420.2421	-744.9966	324.7545	1.826837	1.329914	0.829161	0.170839	1.022258
6054	-423.3082	-746.8123	323.5042	1.442664	0.6439125	0.851674	0.148326	2.676353
6060	-405.0142	-728.2002	323.186	2.23968	4.371141	0.778389	0.221611	0.6404522
6066	-412.7006	-736.8006	324.0999	2.201771	1.640948	0.89748	0.10252	1.069167
6072	-409.0183	-733.3755	324.3572	2.124722	1.62419	0.907707	0.0922927	0.897091
6078	-403.8937	-728.1895	324.2957	2.272138	1.807157	0.743601	0.256399	0.5367021
6084	-389.5633	-714.9145	325.3512	2.100137	0.5344401	0.852629	0.147371	1.024963
6090	-388.3522	-713.3654	325.0132	2.350014	0.7853143	0.883951	0.116049	0.7228496
6096	-392.6933	-716.252	323.5587	1.669513	2.245544	0.954937	0.0450634	1.636298
6102	-397.0786	-720.0804	323.0018	1.780703	2.245544	0.819737	0.180263	1.945731
6108	-407.6282	-732.8764	325.2482	1.948446	0.6624251	0.850009	0.149991	1.089339
6114	-400.493	-724.3119	323.8188	2.087168	2.633483	0.704997	0.295003	0.9025071
6120	-396.6667	-721.7014	325.0347	2.161578	0.8103906	0.813468	0.186532	0.9025071
6126	-394.6429	-718.3635	323.7206	1.873319	2.503159	0.899991	0.100009	1.254602
6132	-399.2933	-722.6186	323.3253	1.867656	3.899019	0.824525	0.175475	1.108527
6138	-393.0809	-718.39	325.3092	1.867656	0.6278847	0.98705	0.0129498	1.150336
6144	-400.2781	-723.6896	323.4114	1.901459	3.099757	0.731068	0.268932	1.264988
6150	-406.3937	-730.3949	324.0012	1.784466	1.756474	0.752804	0.247196	1.436245
6156	-397.6612	-721.4072	323.746	1.922127	2.693554	0.948338	0.0516616	1.111587
6162	-412.6086	-736.4991	323.8905	2.121048	2.829409	0.817803	0.182197	0.6042195
6168	-412.3736	-737.5183	325.1447	2.121048	0.8187965	0.718852	0.281148	0.8068484
6174	-393.4423	-717.6261	324.1838	1.957374	2.081586	0.942524	0.057476	0.9566003
6180	-411.3562	-735.5693	324.213	1.621954	2.16209	0.753128	0.246872	1.20089
6186	-404.3536	-728.7249	324.3713	1.938885	1.593946	0.829853	0.170147	1.091612
6192	-396.9009	-721.6644	324.7635	2.205307	1.174676	0.972535	0.0274649	0.7160302
6198	-408.5188	-732.6674	324.1487	2.123366	1.873395	0.960157	0.0398427	0.9486778
6204	-385.6063	-708.8272	323.2209	1.762284	3.632411	0.915673	0.0843271	1.364356
6210	-396.8253	-720.9087	324.0834	1.70198	1.326588	0.811692	0.188308	1.665661
6216	-413.6875	-736.572	322.8846	1.785754	4.212943	0.933259	0.0667411	1.452794
6222	-405.1393	-729.4601	324.3207	1.608505	1.196746	0.655201	0.344799	1.640657
6228	-399.1799	-723.5855	324.4056	1.836829	1.515327	0.826259	0.173741	1.201483
6234	-402.459	-727.4273	324.9683	1.691485	0.836533	0.792248	0.207752	1.361063
6240	-399.8771	-724.261	324.3839	1.785224	1.355993	0.970916	0.0290842	1.361063
6246	-397.6321	-722.2009	324.5688	1.600284	1.355993	0.935518	0.064482	1.361063
6252	-409.2435	-733.8441	324.6006	1.325063	1.484556	0.685216	0.314784	1.473082
6258	-408.5646	-733.0294	324.4647	1.472693	1.484556	0.800377	0.199623	1.464163
6264	-401.3299	-724.6139	323.284	1.518544	3.776418	0.884759	0.115241	1.464163
6270	-407.3231	-731.7001	324.377	1.706174	1.305582	0.966309	0.0336909	1.459121
6276	-412.4903	-735.9002	323.41	1.791249	3.349677	0.747071	0.252929	1.27443
6282	-416.1006	-740.2544	324.1538	1.89582	2.054715	0.874335	0.125665	1.062641
6288	-414.9092	-739.6507	324.7415	1.787292	1.342985	0.966692	0.0333076	1.062641
6294	-404.583	-729.4748	324.8918	1.888282	1.158845	0.981963	0.0180371	0.9683282
6300	-404.1747	-728.601	324.4262	1.888282	1.810293	0.848359	0.151641	0.9455467
6306	-403.7884	-728.3888	324.6004	2.101099	1.387717	0.749163	0.250837	0.842652
6312	-402.0359	-726.2812	324.2453	1.868802	1.92841	0.918472	0.0815283	1.071922
6318	-394.7969	-719.454	324.6571	1.685062	1.63426	0.94285	0.0571503	1.035034
6324	-398.407	-723.0759	324.669	1.946552	1.412972	0.77125	0.22875	0.9195239
6330	-400.5856	-724.8041	324.2185	1.637231	1.470895	0.908225	0.0917745	1.533092
6336	-389.6382	-713.1566	323.5184	1.706224	2.371006	0.855356	0.144644	1.59129
6342	-398.9286	-723.7334	324.8048	2.038806	1.046951	0.929008	0.0709925	1.009281
6348	-395.3571	-719.5941	324.2371	2.059838	1.849491	0.72932	0.27068	0.9380274
6354	-410.0129	-734.5456	324.5327	1.698897	1.07217	0.608334	0.391666	1.502032
6360	-400.5014	-724.2576	323.7562	2.205255	2.889439	0.883697	0.116303	0.660698
6366	-421.0107	-746.2704	325.2597	2.180647	0.7389858	0.902519	0.0974811	0.6876876
6372	-404.2177	-730.2462	326.0285	2.368799	0.2073836	0.870246	0.129754	0.3329865
6378	-420.6847	-745.0523	324.3677	2.272414	1.692329	0.901711	0.0982887	0.4507841
6384	-410.1156	-734.7117	324.5962	2.272414	1.305107	0.605249	0.394751	0.697738
6390	-406.425	-731.2505	324.8255	1.992893	1.303366	0.781964	0.218036	0.7778944
6396	-402.8907	-727.1104	324.2197	1.967668	1.616716	0.886243	0.113757	1.186927
6402	-403.0955	-728.8498	325.7542	1.747137	0.5080218	0.91059	0.0894096	1.017505
6408	-395.5197	-721.1541	325.6343	1.629192	0.5573011	0.784511	0.215489	1.165206
6414	-394.8688	-718.8762	324.0074	1.52856	1.313673	0.641319	0.358681	1.8474
6420	-402.2686	-726.1313	323.8628	1.644524	3.083662	0.904782	0.095218	1.102275
6426	-399.2835	-722.8401	323.5566	2.212819	3.060369	0.869435	0.130565	0.8404662
6432	-396.2468	-720.9653	324.7184	1.942748	1.214676	0.944402	0.0555979	1.038001
6438	-403.445	-726.6833	323.2383	1.936648	4.647411	0.84788	0.15212	0.8857566
6444	-395.1807	-720.1725	324.9918	1.861371	1.1184	0.820345	0.179655	0.929851
6450	-404.1259	-729.1309	325.005	2.386555	0.8145951	0.697717	0.302283	0.5890832
6456	-398.7581	-723.2783	324.5202	2.075229	1.411306	0.874875	0.125125	0.9426214
6462	-383.5775	-708.4943	324.9168	2.300825	0.9319988	0.865352	0.134648	0.6904198
6468	-397.8227	-721.4661	323.6433	1.977668	2.174973	0.94449	0.0555104	1.370335
6474	-392.6342	-717.1647	324.5305	1.928763	1.440101	0.84405	0.15595	1.056951
6480	-393.7928	-718.9193	325.1265	2.001977	0.7346236	0.939333	0.0606668	1.065106
6486	-400.0063	-722.5246	322.5183	1.841671	5.055237	0.968761	0.0312386	1.496983
6492	-387.3056	-712.5204	325.2148	1.712549	0.6033205	0.701368	0.298632	1.385672
6498	-402.3356	-726.039	323.7034	1.712549	2.874694	0.938198	0.0618023	1.259096
6504	-385.3811	-709.2363	323.8553	1.301925	1.415198	0.855945	0.144055	2.048267
6510	-396.7882	-720.465	323.6768	1.585889	1.794964	0.699679	0.300321	1.797545
6516	-407.01	-731.7179	324.7078	1.510385	1.01113	0.735256	0.264744	1.555941
6522	-388.0142	-713.299	325.2847	2.089174	0.8212039	0.709444	0.290556	0.6181964
6528	-400.3795	-724.5281	324.1486	2.394803	1.615908	0.901125	0.0988752	0.830894
6534	-408.1994	-733.2917	325.0922	1.628932	1.26136	0.956614	0.0433864	0.9369647
6540	-407.3265	-729.7114	322.3849	2.178194	7.009392	0.776009	0.223991	0.9105169
6546	-412.5833	-736.3877	323.8045	1.885271	2.964435	0.908052	0.0919477	0.9747452
6552	-412.1293	-735.4412	323.3119	2.014839	3.318366	0.927235	0.0727649	1.178742
6558	-401.3286	-723.7539	322.4253	1.997894	7.484293	0.828883	0.171117	0.9556698
6564	-404.939	-728.8709	323.932	1.755256	1.314147	0.894052	0.105948	1.742276
6570	-404.8696	-729.1479	324.2783	1.848385	1.352609	0.756243	0.243757	1.396448
6576	-407.7674	-731.9026	324.1352	1.785408	1.572396	0.708939	0.291061	1.428404
6582	-402.2951	-726.391	324.0959	1.990001	1.718393	0.909107	0.0908931	1.214961
6588	-413.4128	-738.0161	324.6033	1.718487	1.083045	0.752287	0.247713	1.425738
6594	-388.7361	-713.487	324.7509	1.892044	0.9416398	0.780794	0.219206	1.282206
6600	-385.3331	-710.2288	324.8956	2.091414	0.9416398	0.872743	0.127257	0.9713416
6606	-394.8819	-719.3743	324.4925	2.144058	1.443038	0.928384	0.0716165	0.8697328
6612	-394.0722	-717.9158	323.8436	1.946809	2.661476	0.734103	0.265897	1.009975
6618	-393.485	-717.9307	324.4457	2.128544	1.73721	0.866947	0.133053	0.6578459
6624	-409.0479	-733.1411	324.0932	1.48934	1.010683	0.85811	0.14189	1.99936
6630	-391.7526	-716.2105	324.4579	1.669099	1.199686	0.929432	0.0705678	1.49352
6636	-394.5297	-718.2131	323.6835	1.769381	1.475755	0.899164	0.100836	1.817933
6642	-392.0339	-716.3902	324.3564	1.62439	1.475755	0.895697	0.104303	1.436096
6648	-393.7909	-718.6501	324.8592	1.84885	1.262391	0.778217	0.221783	0.9499928
6654	-397.8723	-722.548	324.6757	2.099567	1.369775	0.777152	0.222848	0.7634649
6660	-413.1329	-738.0681	324.9352	2.158007	0.9944838	0.907727	0.0922731	0.7841322
6666	-389.3454	-713.8713	324.5258	1.80205	1.25007	0.789082	0.210918	1.303368
6672	-414.9638	-741.1407	326.1769	1.906156	0.3314768	0.633117	0.366883	0.7189213
6678	-424.4682	-749.5575	325.0893	2.204864	0.8913865	0.717464	0.282536	0.6205022
6684	-398.6464	-722.7253	324.079	1.682889	1.174883	0.88589	0.11411	1.772668
6690	-403.3334	-728.2359	324.9025	1.927426	0.966512	0.798308	0.201692	1.098563
6696	-400.6596	-725.1691	324.5094	1.667299	1.495025	0.702745	0.297255	1.269205
6702	-397.8505	-722.06	324.2095	1.60807	1.333081	0.962887	0.0371134	1.638865
6708	-403.3735	-727.2119	323.8384	1.705223	3.154682	0.756643	0.243357	1.040771
6714	-398.4545	-723.4201	324.9656	1.638853	1.165208	0.797055	0.202945	1.130924
6720	-394.3153	-719.1149	324.7996	1.89777	1.37657	0.955763	0.0442366	0.8582197
6726	-405.889	-731.4011	325.5121	1.738545	0.7432189	0.740623	0.259377	0.9317264
6732	-407.1905	-730.9041	323.7136	2.193099	2.373265	0.874641	0.125359	1.034186
6738	-398.2898	-722.6142	324.3245	1.902518	1.956655	0.931606	0.0683941	0.9428865
6744	-414.415	-738.5257	324.1106	1.577376	0.8123042	0.769526	0.230474	2.070737
6750	-411.7408	-735.7337	323.9929	1.408611	1.056382	0.872681	0.127319	2.089667
6756	-396.1104	-720.9249	324.8145	1.717531	0.703236	0.738559	0.261441	1.580747
6762	-416.3441	-741.1426	324.7985	1.648138	1.278513	0.740808	0.259192	1.184148
6768	-417.1254	-740.7166	323.5912	1.626372	2.013837	0.804455	0.195545	1.735893
6774	-401.2598	-726.713	325.4532	1.806668	0.4947877	0.854202	0.145798	1.253431
6780	-414.7811	-739.2586	324.4775	1.730979	1.655292	0.903893	0.0961067	1.145231
6786	-409.972	-734.393	324.421	1.90266	2.073558	0.918393	0.0816074	0.7378259
6792	-408.6715	-732.7807	324.1092	2.309224	1.814908	0.824572	0.175428	0.8222885
6798	-396.2721	-720.6959	324.4237	2.009868	1.565281	0.875653	0.124347	0.9923125
6804	-408.8494	-733.4335	324.5841	2.093844	1.388147	0.945262	0.0547382	0.8705189
6810	-418.95	-743.1345	324.1845	2.216319	2.074073	0.934209	0.0657905	0.4354747
6816	-404.7117	-729.5249	324.8132	2.314971	0.9914952	0.963384	0.0366157	0.7374242
6822	-405.8171	-731.3632	325.5462	2.131591	0.5942686	0.944314	0.0556862	0.5909655
6828	-405.7548	-730.4562	324.7014	2.013386	1.431966	0.927424	0.0725758	0.7810171
6834	-403.5523	-729.0033	325.451	1.999271	0.6110062	0.756052	0.243948	0.9064422
6840	-411.4235	-736.1769	324.7534	2.034404	1.126768	0.730678	0.269322	0.9901432
6846	-428.2925	-754.5178	326.2253	1.810955	0.2323676	0.837117	0.162883	1.05463
6852	-437.997	-761.7298	323.7328	2.101981	1.36054	0.979697	0.0203027	1.610635
6858	-421.5386	-746.3077	324.7692	1.749178	0.9112822	0.881116	0.118884	1.407032
6864	-399.0806	-723.5392	324.4586	2.019916	1.053334	0.78297	0.21703	1.324793
6870	-396.7529	-721.6716	324.9187	2.211307	0.8926854	0.864614	0.135386	0.8720031
6876	-381.3924	-706.534	325.1416	1.757505	0.9027658	0.906253	0.093747	1.096643
6882	-393.7098	-718.5326	324.8229	1.931206	1.044738	0.690388	0.309612	1.096643
6888	-408.4115	-731.969	323.5574	1.92223	3.570652	0.711525	0.288475	0.942494
6894	-400.1005	-724.1065	324.006	1.554149	1.398039	0.872343	0.127657	1.784505
6900	-400.8625	-725.9628	325.1002	1.673232	0.856228	0.911599	0.0884006	1.250836
6906	-409.1354	-734.1177	324.9823	2.044001	1.139657	0.795081	0.204919	0.6690215
6912	-391.1744	-715.2391	324.0647	1.688602	1.409053	0.833938	0.166062	1.642064
6918	-389.9091	-714.1266	324.2174	2.132133	1.500339	0.878316	0.121684	1.116951
6924	-399.2597	-723.8059	324.5462	1.354092	0.8665265	0.969263	0.0307372	1.887331
6930	-400.3964	-724.9547	324.5582	1.784085	1.112533	0.771895	0.228105	1.388452
6936	-397.2027	-722.1305	324.9279	1.719332	1.112533	0.836203	0.163797	1.135431
6942	-395.1472	-720.2343	325.0872	1.89173	0.9883724	0.874345	0.125655	0.9292663
6948	-402.0863	-727.1722	325.0859	2.037832	0.9685868	0.708423	0.291577	0.7781278
6954	-408.23	-731.6997	323.4697	1.94765	2.531182	0.882519	0.117481	1.385779
6960	-401.6317	-727.2844	325.6527	1.756702	0.4265425	0.846585	0.153415	1.228345
6966	-410.6278	-735.1245	324.4967	1.523473	0.6997364	0.566577	0.433423	1.941817
6972	-396.761	-720.2634	323.5023	1.265689	1.281225	0.91736	0.0826403	2.369033
6978	-411.4929	-734.112	322.6191	1.545736	4.155864	0.839976	0.160024	1.830292
6984	-404.1577	-727.3616	323.2039	1.558377	3.603308	0.764353	0.235647	1.541033
6990	-401.6423	-725.5429	323.9006	1.493985	0.8038115	0.878793	0.121207	2.267884
6996	-397.7293	-722.2964	324.5671	1.758613	0.8038115	0.779382	0.220618	1.640359
7002	-389.3697	-713.299	323.9293	1.406754	1.39253	0.65619	0.34381	1.940614
7008	-393.0249	-717.4389	324.414	1.545409	0.9696747	0.748125	0.251875	1.77096
7014	-403.6535	-728.3263	324.6728	1.835861	1.184928	0.598203	0.401797	1.19957
7020	-397.6421	-722.6873	325.0452	1.938264	0.9353014	0.84937	0.15063	0.9817863
7026	-398.9428	-723.354	324.4112	1.944217	1.305686	0.817808	0.182192	1.2427
7032	-407.4466	-731.5777	324.1312	1.705795	1.524017	0.893046	0.106954	1.518008
7038	-402.4159	-726.5329	324.117	1.70377	1.449616	0.893908	0.106092	1.570627
7044	-392.787	-717.2211	324.4341	1.828691	1.48047	0.896118	0.103882	1.206054
7050	-413.4003	-738.648	325.2478	1.989563	0.4686453	0.871574	0.128426	1.308287
7056	-405.2441	-729.4685	324.2244	2.019216	1.40287	0.83721	0.16279	1.271411
7062	-391.2156	-715.9578	324.7422	2.320937	1.014105	0.893521	0.106479	0.798392
7068	-385.4759	-709.5787	324.1028	1.997646	2.40072	0.924064	0.0759357	0.8051479
7074	-397.3702	-721.2949	323.9247	1.919817	3.193616	0.85855	0.14145	0.6367645
7080	-388.0838	-712.7243	324.6405	1.994102	1.655185	0.693355	0.306645	0.6457164
7086	-400.1632	-725.5832	325.4199	2.045492	0.718131	0.860699	0.139301	0.6900431
7092	-402.4454	-725.7894	323.344	1.834224	4.028235	0.885455	0.114545	1.081676
7098	-401.1844	-725.6121	324.4277	1.520773	0.948066	0.710608	0.289392	1.794064
7104	-417.075	-741.3926	324.3176	2.127596	1.995745	0.801927	0.198073	0.5743165
7110	-418.769	-741.4665	322.6975	2.033141	5.16673	0.845625	0.154375	1.175336
7116	-415.6145	-738.6853	323.0708	1.808691	4.717093	0.973714	0.0262861	1.1565
7122	-415.2517	-741.2825	326.0308	1.784046	0.3883187	0.519056	0.480944	0.9144179
7128	-410.7999	-735.4358	324.6359	2.493276	1.075499	0.907292	0.0927081	0.4601832
7134	-404.0726	-728.6578	324.5852	2.569625	1.023279	0.707114	0.292886	0.3907191
7140	-417.4841	-741.6755	324.1913	1.938329	2.323735	0.608421	0.391579	0.818652
7146	-413.9198	-737.9149	323.9952	2.057352	2.454328	0.971791	0.0282093	0.8320529
7152	-407.9906	-732.9363	324.9457	2.470663	0.7609768	0.705713	0.294287	0.3538757
7158	-395.0084	-719.3569	324.3486	2.595807	1.259374	0.860739	0.139261	0.3976574
7164	-402.2271	-727.3842	325.1571	1.913562	1.140501	0.920084	0.0799163	0.5292051
7170	-411.309	-734.7136	323.4046	2.051351	4.359939	0.978382	0.0216185	0.5592678
7176	-399.7558	-724.1814	324.4256	1.684089	1.605974	0.859739	0.140261	1.258938
7182	-400.6991	-724.2554	323.5563	1.984505	2.959224	0.955393	0.0446066	1.119627
7188	-393.6056	-717.4308	323.8252	2.06409	2.959224	0.948381	0.0516187	0.7348454
7194	-396.521	-719.9966	323.4755	2.006484	3.231061	0.690409	0.309591	1.070015
7200	-393.9774	-718.9108	324.9334	1.755952	0.5729545	0.702899	0.297101	1.598474
7206	-401.1429	-725.6348	324.4919	1.4409	1.357839	0.853847	0.146153	1.540347
7212	-393.7716	-717.7422	323.9706	2.165639	2.040178	0.924312	0.0756878	0.9862192
7218	-391.5839	-714.6088	323.0249	1.76603	4.392379	0.847648	0.152352	1.313667
7224	-397.7503	-721.3133	323.563	1.860483	3.107905	0.871569	0.128431	1.168203
7230	-397.8126	-721.5918	323.7793	2.005314	2.741228	0.920038	0.0799619	0.9787716
7236	-400.1665	-724.9396	324.773	1.917435	0.948419	0.922869	0.0771312	1.236947
7242	-385.9057	-709.7368	323.8311	1.985037	1.990481	0.957039	0.0429611	1.298163
7248	-404.41	-728.146	323.736	2.166503	2.237745	0.637546	0.362454	1.104928
7254	-396.2604	-720.7295	324.4691	1.798361	1.241984	0.836899	0.163101	1.357235
7260	-398.5894	-723.0861	324.4966	1.762192	1.252236	0.881079	0.118921	1.357235
7266	-399.4314	-722.2235	322.7921	1.655867	2.162286	0.759783	0.240217	2.196156
7272	-424.2673	-748.2354	323.9682	1.695013	2.227632	0.893588	0.106412	1.313907
7278	-415.0128	-740.0767	325.0639	1.745381	0.5368625	0.912561	0.0874394	1.551267
7284	-407.7433	-732.5949	324.8515	1.51103	0.4200837	0.96699	0.0330097	2.001982
7290	-389.6873	-715.1616	325.4742	1.633772	0.3955966	0.809881	0.190119	1.512289
7296	-395.4737	-719.7258	324.2521	1.633772	1.467925	0.942164	0.0578362	1.512289
7302	-404.6398	-729.4158	324.7759	2.053788	1.046172	0.737199	0.262801	1.023704
7308	-406.2208	-731.8794	325.6586	1.781595	0.5529407	0.616015	0.383985	1.007536
7314	-398.5582	-723.9977	325.4395	1.75726	0.5249485	0.838626	0.161374	1.264951
7320	-412.2116	-737.6043	325.3927	1.674416	0.5950117	0.703227	0.296773	1.283559
7326	-414.8647	-740.8971	326.0324	1.866708	0.397785	0.854228	0.145772	0.7898096
7332	-410.006	-735.5983	325.5922	2.048507	0.5473848	0.714844	0.285156	0.7898096
7338	-399.826	-725.607	325.781	2.081257	0.3774465	0.903632	0.0963676	0.8853636
7344	-414.2383	-740.4365	326.1982	1.660728	0.206402	0.399625	0.600375	1.274829
7350	-418.4638	-743.5258	325.062	1.949696	0.8296802	0.675608	0.324392	1.067609
7356	-430.0394	-755.6361	325.5968	1.709443	0.6009039	0.744734	0.255266	1.067609
7362	-427.7932	-753.6704	325.8772	1.699874	0.2420736	0.885483	0.114517	1.419753
7368	-424.5179	-749.5365	325.0186	1.65655	0.590728	0.951965	0.0480346	1.589606
7374	-433.9451	-759.2072	325.2621	1.610374	0.3330832	0.687356	0.312644	1.774102
7380	-418.7443	-744.8516	326.1073	1.632814	0.4211618	0.900835	0.0991648	0.9275353
7386	-406.0197	-730.56	324.5403	2.186493	1.478895	0.815331	0.184669	0.7089147
7392	-407.9627	-733.6563	325.6936	2.022204	0.5393738	0.918923	0.0810771	0.6934994
7398	-398.0692	-722.0103	323.9411	2.034542	2.81858	0.910443	0.0895573	0.6934994
7404	-396.7458	-721.6321	324.8863	1.656369	0.927433	0.838988	0.161012	1.374633
7410	-405.7161	-730.3849	324.6688	1.522447	1.243479	0.937753	0.0622467	1.415891
7416	-396.1614	-720.0872	323.9257	1.572141	2.144944	0.848664	0.151336	1.478016
7422	-411.8834	-735.66	323.7766	1.74181	2.547026	0.816733	0.183267	1.29905
7428	-400.2553	-723.9771	323.7218	1.449589	3.014392	0.993096	0.00690375	1.406679
7434	-397.2469	-720.2292	322.9823	1.307332	2.77149	0.972778	0.0272217	2.10139
7440	-391.3951	-714.3064	322.9113	1.307332	2.602298	0.839897	0.160103	2.19883
7446	-392.8848	-716.8121	323.9273	1.970531	1.5086	0.934087	0.0659128	1.480778
7452	-397.0697	-717.6655	320.5958	1.25139	12.99043	0.643349	0.356651	2.235004
7458	-391.6724	-716.481	324.8086	1.615896	1.421478	0.921064	0.0789358	1.102544
7464	-388.3981	-712.3881	323.99	1.62693	2.410604	0.876093	0.123907	1.273707
7470	-401.261	-724.327	323.066	1.46384	2.30747	0.642339	0.357661	2.091918
7476	-390.592	-714.5036	323.9115	1.404585	1.768615	0.645554	0.354446	1.772186
7482	-398.6582	-722.178	323.5199	1.555447	1.725168	0.745009	0.254991	1.956132
7488	-405.8659	-728.7472	322.8813	1.857533	4.887043	0.822101	0.177899	1.235056
7494	-422.1755	-745.5734	323.3979	1.743078	1.508604	0.756304	0.243696	2.012605
7500	-405.3484	-729.52	324.1716	2.206252	2.074098	0.753223	0.246777	0.6375563
7506	-399.0281	-723.2321	324.2039	2.138318	2.099355	0.843017	0.156983	0.6815132
7512	-399.6556	-723.7504	324.0949	2.270813	2.004968	0.871262	0.128738	0.7341223
7518	-404.3101	-729.4592	325.1491	2.296448	0.7808957	0.714834	0.285166	0.4929158
7524	-411.1206	-734.7991	323.6785	2.141581	3.268136	0.853071	0.146929	0.6237512
7530	-391.3911	-716.1825	324.7914	2.084041	1.151851	0.739195	0.260805	0.8706444
7536	-393.3818	-716.0757	322.6939	2.07423	6.24465	0.899943	0.100057	0.8706444
7542	-412.3373	-735.0253	322.688	2.119986	6.24465	0.965215	0.0347847	0.822002
7548	-402.4822	-727.6211	325.1389	1.957025	1.006982	0.684974	0.315026	0.7625866
7554	-406.6565	-730.7437	324.0872	1.933489	2.608209	0.814699	0.185301	0.7749519
7560	-399.1623	-722.4594	323.2971	2.077735	3.981811	0.740868	0.259132	0.8983629
7566	-411.0979	-735.0587	323.9608	1.941295	2.895247	0.832657	0.167343	0.7573988
7572	-393.1945	-718.6852	325.4907	1.897558	0.3730372	0.754549	0.245451	1.330477
7578	-398.765	-723.1653	324.4003	1.700998	1.034235	0.928682	0.0713184	1.624667
7584	-391.0915	-715.6863	324.5947	1.48048	1.163734	0.836429	0.163571	1.555624
7590	-392.1248	-717.6593	325.5345	1.256732	0.3003791	0.873036	0.126964	1.880694
7596	-406.1846	-731.2148	325.0302	1.406291	0.6530864	0.861654	0.138346	1.69756
7602	-408.3424	-732.8068	324.4645	1.548256	0.6463939	0.695883	0.304117	1.994722
7608	-416.1733	-741.284	325.1107	1.488536	0.3356952	0.375229	0.624771	1.956931
7614	-401.6846	-726.7889	325.1043	1.724047	1.098684	0.921991	0.0780092	0.9751984
7620	-396.8775	-720.7219	323.8444	1.294536	1.430452	0.886598	0.113402	2.052623
7626	-411.9386	-735.0443	323.1057	1.560428	4.210428	0.949065	0.050935	1.456631
7632	-414.7753	-739.7298	324.9546	2.253194	0.457485	0.825943	0.174057	1.347642
7638	-410.0917	-736.0985	326.0068	2.173521	0.3212113	0.685176	0.314824	0.5045688
7644	-405.7673	-728.1468	322.3795	1.177699	1.937789	0.740644	0.259356	2.83363
7650	-412.2011	-738.3085	326.1075	2.335174	0.2161045	0.868623	0.131377	0.4694967
7656	-409.7687	-735.5593	325.7906	2.122895	0.4561344	0.485584	0.514416	0.485282
7662	-423.6128	-748.4249	324.8121	1.427117	0.4652719	0.801199	0.198801	2.029927
7668	-433.751	-756.4279	322.6769	1.028003	2.536675	0.82172	0.17828	2.544499
7674	-403.0322	-727.9833	324.9511	1.71849	0.4948381	0.904531	0.0954686	1.701292
7680	-417.7381	-741.7692	324.0311	1.365008	1.510761	0.92145	0.0785496	1.839232
7686	-413.4629	-736.422	322.9591	1.544795	3.017852	0.771352	0.228648	1.886396
7692	-414.8576	-737.7386	322.881	1.279979	2.360801	0.833511	0.166489	2.312618
7698	-408.2627	-732.0393	323.7767	1.314943	1.08671	0.819042	0.180958	2.272069
7704	-400.4877	-724.9945	324.5067	1.88362	1.048159	0.921384	0.0786156	1.398392
7710	-398.2642	-724.4129	326.1487	2.082011	0.2714938	0.684172	0.315828	0.7053568
7716	-401.2941	-726.4242	325.1301	2.097859	0.7418754	0.801868	0.198132	0.9576892
7722	-400.2083	-725.2116	325.0034	1.929955	0.7587482	0.76282	0.23718	1.212518
7728	-400.1489	-725.9868	325.8378	2.111446	0.3913448	0.89767	0.10233	0.735137
7734	-399.5566	-725.4767	325.9201	2.194521	0.3127326	0.548369	0.451631	0.735137
7740	-396.8114	-722.1453	325.3338	1.684151	0.8208018	0.927641	0.0723587	1.071296
7746	-402.6712	-727.7692	325.098	1.667818	0.8208018	0.531671	0.468329	1.290435
7752	-393.3073	-717.9626	324.6553	1.842688	0.9735728	0.969958	0.0300419	1.372043
7758	-415.0757	-740.4433	325.3676	1.600845	0.6350337	0.718288	0.281712	1.317248
7764	-392.3414	-717.6982	325.3569	1.995008	0.7245129	0.966963	0.0330373	0.8426568
7770	-423.4961	-747.7381	324.242	1.578061	1.605242	0.79895	0.20105	1.487384
7776	-412.9182	-738.1613	325.2431	1.700816	0.6974727	0.77598	0.22402	1.268568
7782	-411.3318	-736.4028	325.071	1.782172	0.9720981	0.753925	0.246075	1.071645
7788	-410.2662	-734.3656	324.0994	1.547708	0.5968164	0.92722	0.0727804	2.279368
7794	-413.485	-737.6211	324.1361	2.259868	2.059149	0.932582	0.0674176	0.6136366
7800	-417.8482	-742.9377	325.0895	2.394433	0.7099928	0.846859	0.153141	0.3582456
7806	-407.4843	-733.1401	325.6558	2.519781	0.2956619	0.73241	0.26759	0.699658
7812	-402.2546	-727.1291	324.8745	2.176516	1.076434	0.822443	0.177557	0.7284543
7818	-409.1869	-733.8065	324.6195	2.176516	1.372697	0.798005	0.201995	0.7284543
7824	-426.4082	-750.8876	324.4794	1.839053	1.39466	0.876442	0.123558	1.214076
7830	-411.1697	-735.9732	324.8034	1.622533	1.447214	0.842095	0.157905	1.083144
7836	-424.9471	-748.6433	323.6962	1.651363	1.914227	0.847568	0.152432	1.685914
7842	-418.8248	-743.0403	324.2155	1.677859	1.63633	0.803274	0.196726	1.415085
7848	-420.7038	-744.1872	323.4834	1.474586	1.320855	0.792194	0.207806	2.226906
7854	-421.8764	-746.977	325.1006	1.832897	0.6233164	0.852853	0.147147	1.358298
7860	-407.1954	-732.2946	325.0992	1.609763	0.6233164	0.730645	0.269355	1.530157
7866	-414.3128	-738.9498	324.637	1.558853	0.8172996	0.682674	0.317326	1.721598
7872	-405.2702	-728.738	323.4679	1.438765	1.422031	0.876146	0.123854	2.208619
7878	-387.6465	-712.2438	324.5973	1.557684	1.117746	0.884563	0.115437	1.527391
7884	-393.08	-716.9072	323.8272	2.046257	2.230285	0.733111	0.266889	1.134738
7890	-402.8394	-728.7906	325.9512	1.848396	0.2978123	0.628318	0.371682	1.120643
7896	-414.2025	-739.2936	325.0911	1.916701	0.9141201	0.900975	0.0990254	0.9799218
7902	-399.6242	-724.4242	324.8	1.976381	0.8999416	0.855154	0.144846	1.207766
7908	-397.8005	-722.6279	324.8274	2.408098	0.9693048	0.701658	0.298342	0.472588
7914	-412.0965	-737.7818	325.6853	1.464611	0.1562507	0.829106	0.170894	1.911293
7920	-411.0094	-735.8645	324.8551	2.082968	1.172425	0.547174	0.452826	0.7663353
7926	-412.0098	-736.6704	324.6606	2.064658	1.431886	0.52032	0.47968	0.7662342
7932	-405.5615	-732.1067	326.5452	1.956806	0.1718142	0.921605	0.0783948	0.7234917
7938	-407.5008	-732.6386	325.1378	1.71759	0.5294371	0.941983	0.0580174	1.525818
7944	-419.6523	-741.5164	321.8641	1.998486	10.85294	0.90452	0.0954802	0.9394502
7950	-417.3645	-741.8681	324.5036	1.513248	0.7261953	0.583251	0.416749	1.921165
7956	-397.6215	-721.7551	324.1335	1.440237	1.35556	0.78665	0.21335	1.798159
7962	-388.3933	-714.2703	325.8769	1.886102	0.44852	0.748409	0.251591	0.8438754
7968	-398.919	-723.8923	324.9733	2.099816	0.9654253	0.781849	0.218151	0.8481501
7974	-407.6023	-730.4854	322.8832	1.763942	5.741457	0.959201	0.0407991	1.116184
7980	-403.4426	-728.6714	325.2288	1.597069	0.7081146	0.927996	0.0720043	1.352863
7986	-411.862	-736.1867	324.3246	1.870483	1.11527	0.902593	0.0974067	1.499143
7992	-419.0191	-744.0623	325.0432	1.843259	1.104513	0.937599	0.0624009	0.9074363
7998	-399.3239	-724.0586	324.7347	2.373403	1.100217	0.743107	0.256893	0.4755619
8004	-404.1337	-729.96	325.8262	2.197193	0.396237	0.871653	0.128347	0.5242269
8010	-391.6917	-716.7624	325.0707	2.197193	0.9040184	0.883643	0.116357	0.6501171
8016	-397.4742	-722.4673	324.9931	1.979772	1.05342	0.717311	0.282689	0.8636467
8022	-397.5815	-722.152	324.5705	1.787467	1.174812	0.901506	0.0984944	1.331544
8028	-399.2281	-724.1689	324.9408	1.842981	0.541489	0.704699	0.295301	1.564735
8034	-405.0398	-729.5981	324.5583	1.811321	1.100808	0.549709	0.450291	1.375597
8040	-392.1933	-717.1487	324.9554	1.55556	0.4242206	0.840484	0.159516	1.897039
8046	-394.7235	-719.9782	325.2547	1.70591	0.6602899	0.660661	0.339339	1.295416
8052	-384.2211	-708.079	323.8579	1.758902	1.58087	0.878747	0.121253	1.649201
8058	-387.6077	-713.1016	325.4939	1.950185	0.4661502	0.72288	0.27712	1.136824
8064	-396.1893	-721.0365	324.8472	1.576126	1.040929	0.820444	0.179556	1.378054
8070	-418.3861	-742.9568	324.5707	1.973181	1.207848	0.961743	0.0382567	1.151479
8076	-399.3526	-724.8803	325.5277	2.112205	0.5079632	0.86612	0.13388	0.86994
8082	-420.818	-744.8628	324.0447	2.300131	2.025012	0.994666	0.00533376	0.7481059
8088	-395.9009	-721.642	325.7411	2.188177	0.3972721	0.601931	0.398069	0.7481059
8094	-406.6384	-732.5621	325.9237	2.188177	0.3181194	0.799487	0.200513	0.7201937
8100	-389.8934	-715.45	325.5566	2.021001	0.5224175	0.548926	0.451074	0.9142393
8106	-391.4244	-716.7552	325.3308	1.934142	0.8091243	0.808368	0.191632	0.8224344
8112	-397.2405	-721.6374	324.397	1.984769	1.274134	0.832378	0.167622	1.242423
8118	-384.5436	-709.0235	324.4799	1.895855	1.99965	0.881174	0.118826	0.7229406
8124	-381.0749	-706.7411	325.6663	1.68131	0.5458706	0.902198	0.0978024	1.105871
8130	-390.7012	-714.0924	323.3912	1.68131	1.828885	0.90907	0.0909304	1.913037
8136	-396.45	-720.8574	324.4074	1.614844	1.711841	0.874257	0.125743	1.271772
8142	-403.5677	-729.4608	325.8931	2.034253	0.3779249	0.691528	0.308472	0.8043556
8148	-398.449	-724.6813	326.2322	1.989091	0.2345018	0.894185	0.105815	0.8531939
8154	-398.5534	-725.0305	326.4772	1.773587	0.2188819	0.937222	0.0627781	0.8697529
8160	-411.4669	-737.087	325.6202	1.855787	0.4005833	0.674541	0.325459	1.213405
8166	-403.4046	-728.5386	325.134	1.812755	0.7107954	0.909526	0.0904739	1.251942
8172	-399.9637	-724.1911	324.2274	1.752935	1.728893	0.518351	0.481649	1.296893
8178	-400.6172	-725.3509	324.7336	1.468671	0.4436625	0.872155	0.127845	2.079535
8184	-377.3846	-701.592	324.2074	1.69877	1.417961	0.804119	0.195881	1.525327
8190	-387.4012	-711.6519	324.2507	1.659676	1.620761	0.888243	0.111757	1.410191
8196	-406.6681	-729.91	323.2418	1.597749	2.890494	0.907388	0.0926122	1.691409
8202	-396.7324	-720.9558	324.2234	1.746603	1.073833	0.910065	0.0899349	1.691409
8208	-416.5595	-740.6879	324.1283	1.709805	1.981505	0.877445	0.122555	1.284514
8214	-412.743	-737.7017	324.9588	1.845655	1.192525	0.693152	0.306848	0.9104571
8220	-386.9949	-710.9255	323.9306	1.811147	1.840171	0.812269	0.187731	1.428993
8226	-387.733	-712.003	324.27	1.859225	2.08535	0.930617	0.0693831	0.9669182
8232	-396.9869	-720.3602	323.3732	1.909459	4.067088	0.928865	0.0711349	0.9669182
8238	-409.7941	-734.0308	324.2367	2.017292	2.202177	0.921308	0.0786922	0.7348777
8244	-406.4611	-730.2189	323.7578	1.407105	0.8175639	0.801505	0.198495	2.403818
8250	-404.9815	-728.7396	323.7582	1.52926	1.216762	0.73558	0.26442	2.068816
8256	-398.3096	-721.2458	322.9362	1.561481	3.231022	0.914475	0.0855254	1.830683
8262	-392.8352	-716.1231	323.2878	1.528874	2.249237	0.744811	0.255189	1.921369
8268	-397.6918	-721.4488	323.757	1.543236	1.477216	0.831883	0.168117	1.921369
8274	-401.2083	-724.5669	323.3586	1.628618	4.429645	0.698104	0.301896	1.137961
8280	-390.7498	-714.0189	323.2691	1.792788	3.167311	0.967848	0.0321523	1.442168
8286	-399.4616	-723.0717	323.6101	2.015785	3.56817	0.881497	0.118503	0.7664898
8292	-396.1878	-719.0304	322.8426	1.676099	4.478582	0.820202	0.179798	1.504153
8298	-387.1239	-711.1554	324.0315	2.01581	2.070898	0.969888	0.0301123	1.056048
8304	-393.6793	-718.2635	324.5841	1.521263	0.8090123	0.792675	0.207325	1.791554
8310	-397.4015	-722.5783	325.1768	1.969346	0.8724487	0.936987	0.0630126	0.8791409
8316	-399.9363	-725.1031	325.1667	1.776557	0.8616664	0.536149	0.463851	1.097456
8322	-403.4593	-728.2122	324.7529	2.02635	1.024029	0.686921	0.313079	1.09203
8328	-400.8169	-722.7105	321.8936	1.733551	6.433869	0.860397	0.139603	1.775707
8334	-389.3073	-712.4144	323.1071	1.625041	2.772192	0.871826	0.128174	1.803585
8340	-397.1832	-720.1067	322.9235	1.533605	0.8226475	0.948897	0.0511028	2.837721
8346	-418.3387	-741.1135	322.7748	1.216742	2.132493	0.932255	0.0677445	2.496789
8352	-426.2993	-750.0226	323.7234	1.773907	3.561642	0.900113	0.0998868	0.9271245
8358	-401.3713	-726.0573	324.686	1.939962	1.404887	0.847449	0.152551	0.9148581
8364	-399.8807	-723.0214	323.1408	1.717596	4.401182	0.920856	0.0791443	1.256257
8370	-406.0295	-730.8076	324.7781	1.828937	0.7208292	0.944686	0.0553145	1.50858
8376	-403.3138	-727.5218	324.208	1.878622	1.775095	0.832366	0.167634	1.182554
8382	-400.1302	-724.7905	324.6603	1.825523	0.8929737	0.86246	0.13754	1.447314
8388	-395.8623	-720.5042	324.6419	1.711034	0.8590968	0.938776	0.0612237	1.574605
8394	-402.2155	-726.3781	324.1625	1.942832	2.125123	0.907807	0.0921932	0.9683751
8400	-399.5109	-723.97	324.4591	1.793863	1.397949	0.818208	0.181792	1.266791
8406	-403.3359	-728.1343	324.7984	1.874783	0.7907762	0.863954	0.136046	1.392416
8412	-399.7536	-724.1382	324.3846	1.71315	0.9715622	0.931901	0.0680992	1.672088
8418	-407.207	-731.6437	324.4367	1.40464	0.5203797	0.789953	0.210047	2.229783
8424	-425.694	-748.6249	322.9308	1.149892	2.103382	0.881831	0.118169	2.45114
8430	-401.1907	-726.4057	325.215	1.837359	0.964494	0.808821	0.191179	0.8741299
8436	-400.0762	-724.5488	324.4726	1.925959	1.443686	0.83088	0.16912	1.110742
8442	-414.6793	-737.7749	323.0956	1.621282	2.530889	0.818376	0.181624	1.891634
8448	-410.0252	-732.6717	322.6466	1.968104	4.044508	0.866612	0.133388	1.536139
8454	-403.9803	-727.9684	323.9881	1.689492	1.786885	0.880737	0.119263	1.503256
8460	-405.1538	-731.3346	326.1807	1.898954	0.2902773	0.643693	0.356307	0.8531204
8466	-414.4076	-740.5364	326.1288	1.766659	0.2440645	0.621664	0.378336	1.154477
8472	-402.2512	-726.8489	324.5978	1.805237	1.140769	0.879787	0.120213	1.319888
8478	-398.2262	-722.5257	324.2995	1.744038	1.770199	0.866495	0.133505	1.222196
8484	-397.667	-722.1085	324.4415	1.827097	1.447226	0.912237	0.0877632	1.222196
8490	-408.6919	-733.8025	325.1106	2.065374	1.025385	0.802063	0.197937	0.5507239
8496	-394.1137	-719.3739	325.2603	2.154397	0.7954704	0.923499	0.0765012	0.5869899
8502	-414.783	-737.773	322.9901	1.546374	1.99108	0.885052	0.114948	2.202039
8508	-403.4684	-727.7679	324.2994	1.868924	1.857303	0.839416	0.160584	1.061864
8514	-408.019	-732.2801	324.2611	1.813937	2.085665	0.743882	0.256118	1.021186
8520	-407.7996	-732.1991	324.3995	1.942565	1.985806	0.807172	0.192828	0.7851741
8526	-407.4428	-732.5539	325.1111	2.314615	0.792464	0.749411	0.250589	0.5572294
8532	-413.2759	-737.9685	324.6926	1.739227	1.417925	0.76806	0.23194	1.098265
8538	-418.0901	-741.9149	323.8248	1.584546	2.911018	0.935913	0.0640874	1.251412
8544	-415.5512	-739.1927	323.6415	1.632085	2.077187	0.748915	0.251085	1.670366
8550	-399.4814	-722.9328	323.4514	1.74639	3.319302	0.885747	0.114253	1.286943
8556	-399.5875	-723.3882	323.8008	1.639069	2.491076	0.839559	0.160441	1.383524
8562	-402.6351	-726.2683	323.6332	1.524142	2.458041	0.877427	0.122573	1.608217
8568	-399.3314	-723.8793	324.548	1.584135	0.4189754	0.824381	0.175619	2.155091
8574	-399.06	-725.0425	325.9825	1.785345	0.1991134	0.89887	0.10113	1.365556
8580	-406.3801	-731.526	325.1459	1.656448	0.5585599	0.948957	0.0510433	1.531483
8586	-414.4739	-737.4339	322.96	1.311935	1.636349	0.54031	0.45969	2.512921
8592	-396.5505	-720.5362	323.9858	1.320247	1.228951	0.896505	0.103495	2.049645
8598	-409.4514	-734.717	325.2656	1.473946	0.6264685	0.860004	0.139996	1.503994
8604	-409.3275	-731.3194	321.992	1.973881	8.494214	0.907018	0.092982	1.2035
8610	-410.0301	-733.607	323.5768	1.973351	3.010528	0.680444	0.319556	1.091054
8616	-402.9418	-728.0522	325.1104	2.378542	0.6985663	0.749708	0.250292	0.6931016
8622	-405.8701	-727.9898	322.1196	2.295752	8.886271	0.924174	0.0758257	0.5723827
8628	-402.3387	-725.1311	322.7923	2.406129	5.031383	0.765812	0.234188	0.7034264
8634	-395.2447	-720.7502	325.5055	1.798381	0.7013425	0.904618	0.0953816	0.9318194
8640	-403.8015	-729.2571	325.4556	2.010983	0.6199705	0.664026	0.335974	0.8732922
8646	-400.4025	-726.0418	325.6394	2.053715	0.4803158	0.786293	0.213707	0.8615079
8652	-385.8735	-711.6055	325.732	2.099436	0.4323883	0.918877	0.0811231	0.7934275
8658	-392.1933	-718.1427	325.9494	1.875707	0.4528416	0.509006	0.490994	0.750125
8664	-393.602	-717.3618	323.7598	1.869729	3.081313	0.905862	0.0941376	0.985796
8670	-401.5902	-723.7697	322.1795	2.212401	7.940719	0.816862	0.183138	0.8923096
8676	-392.4825	-717.5244	325.0419	2.379003	0.7965276	0.536451	0.463549	0.5571246
8682	-389.5295	-714.7758	325.2463	2.458869	0.5851101	0.98474	0.0152604	0.4798426
8688	-390.6054	-715.7918	325.1864	2.424154	0.6421913	0.875667	0.124333	0.5876387
8694	-400.2261	-724.5255	324.2994	2.101155	1.930443	0.821104	0.178896	0.7485351
8700	-392.0712	-716.66	324.5887	2.145558	1.441823	0.917268	0.082732	0.7416234
8706	-391.9441	-715.9683	324.0242	1.796958	1.862795	0.866861	0.133139	1.356058
8712	-393.7404	-718.8497	325.1093	1.977253	0.5398464	0.884767	0.115233	1.335341
8718	-398.7775	-722.8113	324.0338	1.824871	1.985291	0.879898	0.120102	1.265766
8724	-412.2421	-737.214	324.9719	1.892769	0.8027182	0.66351	0.33649	1.225921
8730	-405.7664	-731.1564	325.39	1.849164	0.4543799	0.711369	0.288631	1.326886
8736	-396.7092	-721.7461	325.0369	1.623798	0.5449443	0.805512	0.194488	1.650105
8742	-392.6512	-718.0715	325.4204	1.642377	0.512227	0.77564	0.22436	1.388996
8748	-399.9462	-725.3459	325.3996	1.743258	0.4262748	0.757889	0.242111	1.442023
8754	-410.6441	-735.1567	324.5126	1.828136	1.819478	0.856151	0.143849	0.9107989
8760	-418.3441	-742.9206	324.5765	1.886509	1.224922	0.891574	0.108426	1.208896
8766	-406.1581	-730.8386	324.6805	1.795923	0.7513815	0.81254	0.18746	1.576892
8772	-409.7487	-735.4024	325.6537	1.884359	0.5318675	0.726078	0.273922	0.9407982
8778	-408.4241	-734.4231	325.999	1.786861	0.346166	0.998188	0.00181204	1.03288
8784	-394.626	-720.4003	325.7743	1.783842	0.3828212	0.905926	0.0940745	1.172533
8790	-405.3443	-730.1495	324.8053	1.821367	1.075014	0.66558	0.33442	1.184346
8796	-414.4251	-738.9783	324.5531	1.738088	1.476126	0.875583	0.124417	1.184346
8802	-430.3998	-755.6389	325.2391	1.731579	0.7551153	0.947275	0.0527253	1.184346
8808	-421.1443	-746.8106	325.6662	1.643772	0.4148666	0.873037	0.126963	1.327874
8814	-417.7816	-743.1243	325.3427	1.715268	0.6372832	0.915998	0.0840023	1.241177
8820	-405.0608	-729.6227	324.5619	1.713223	1.116007	0.882815	0.117185	1.437969
8826	-406.5937	-732.1304	325.5367	1.533311	0.6899886	0.981277	0.0187226	1.16998
8832	-410.4562	-734.5469	324.0907	1.84226	2.59143	0.909398	0.0906022	0.8945743
8838	-414.0696	-738.446	324.3764	1.989273	1.680537	0.756449	0.243551	0.9804731
8844	-401.0708	-725.7237	324.6529	1.580302	1.125425	0.984909	0.0150912	1.463375
8850	-409.4374	-734.3233	324.8859	1.603149	1.181088	0.823017	0.176983	1.219179
8856	-414.4964	-739.9314	325.4351	1.585793	0.4310649	0.70584	0.29416	1.527396
8862	-396.7367	-721.7684	325.0317	2.164299	0.9270245	0.858829	0.141171	0.7354634
8868	-394.6124	-718.4272	323.8147	2.276714	2.639778	0.859532	0.140468	0.6229311
8874	-411.0935	-735.5787	324.4852	1.728474	2.058768	0.642019	0.357981	0.8918171
8880	-408.1253	-733.1991	325.0738	2.171901	0.9237628	0.748434	0.251566	0.6523442
8886	-400.595	-724.8554	324.2603	2.239098	1.920102	0.942051	0.0579486	0.5220862
8892	-415.7198	-740.4085	324.6886	2.283206	1.24188	0.61546	0.38454	0.5801944
8898	-418.1857	-742.9001	324.7144	2.09193	1.425339	0.925533	0.0744671	0.631619
8904	-399.5285	-724.3608	324.8323	2.173538	1.008333	0.700085	0.299915	0.8766176
8910	-403.1377	-729.2178	326.0802	2.062981	0.2999987	0.839953	0.160047	0.736361
8916	-405.7644	-731.6847	325.9203	2.21542	0.3380603	0.815713	0.184287	0.5647844
8922	-400.6745	-725.9096	325.235	2.290738	0.711456	0.754725	0.245275	0.5574219
8928	-397.9291	-722.3369	324.4078	2.020719	1.552017	0.858997	0.141003	1.006855
8934	-404.7797	-728.8934	324.1137	2.038	1.199521	0.904213	0.0957869	1.475017
8940	-398.6538	-723.489	324.8352	2.161743	1.199521	0.918042	0.0819579	0.6149042
8946	-403.5695	-728.8162	325.2467	2.102583	0.754947	0.839256	0.160744	0.7972306
8952	-397.3833	-722.1781	324.7948	2.123133	1.18248	0.709754	0.290246	0.7822285
8958	-409.5327	-734.5117	324.979	2.590109	0.6823249	0.653265	0.346735	0.4798266
8964	-398.7864	-723.1217	324.3352	2.400665	1.467575	0.69088	0.30912	0.3374916
8970	-393.0594	-717.7792	324.7198	2.71188	0.6314775	0.781709	0.218291	0.2430028
8976	-395.8271	-719.473	323.6459	3.025431	1.492279	0.907597	0.0924027	0.2973898
8982	-396.1507	-720.3861	324.2355	2.609703	1.38674	0.755409	0.244591	0.4054996
8988	-398.8042	-722.1135	323.3093	2.296922	3.914142	0.88765	0.11235	0.5353411
8994	-402.3237	-727.235	324.9113	1.727497	1.423312	0.960287	0.0397126	0.8845338
9000	-397.0919	-721.8156	324.7237	1.604827	0.6509591	0.832505	0.167495	1.775464
9006	-387.2678	-711.6312	324.3634	1.643508	0.391896	0.898622	0.101378	2.269371
9012	-396.8338	-720.1004	323.2666	1.378999	1.274124	0.817867	0.182133	2.449991
9018	-399.635	-724.237	324.602	1.341933	0.5955017	0.848303	0.151697	2.088091
9024	-394.675	-718.663	323.988	1.466226	0.8007406	0.984198	0.015802	2.231906
9030	-413.4211	-738.3683	324.9472	1.823013	0.8639897	0.819731	0.180269	1.246322
9036	-407.0532	-732.2867	325.2336	2.104889	0.6965851	0.7664	0.2336	0.9005916
9042	-395.1231	-719.8314	324.7083	1.64074	1.035349	0.793376	0.206624	1.43983
9048	-394.6598	-719.7566	325.0968	1.695945	0.6736184	0.953637	0.0463631	1.414265
9054	-407.9273	-733.0761	325.1488	1.739044	0.4646511	0.914977	0.0850235	1.581239
9060	-407.4357	-732.3097	324.8739	1.704311	0.9395608	0.946257	0.0537432	1.336316
9066	-404.4889	-728.8503	324.3613	1.83861	1.429447	0.54405	0.45595	1.290448
9072	-401.2543	-726.7799	325.5255	1.845011	0.5296136	0.794797	0.205203	1.108197
9078	-421.7777	-747.1931	325.4154	1.642588	0.5921902	0.928669	0.071331	1.2944
9084	-413.9079	-738.9233	325.0154	1.457172	0.5846947	0.829759	0.170241	1.740772
9090	-423.0579	-747.9451	324.8872	1.912128	1.270126	0.926076	0.0739244	0.8389539
9096	-426.4588	-750.2187	323.7599	1.717702	2.567803	0.923789	0.0762112	1.323944
9102	-420.4041	-744.2792	323.8751	1.435379	2.584201	0.738653	0.261347	1.448573
9108	-406.4164	-729.8988	323.4825	1.546433	1.885194	0.8248	0.1752	1.918817
9114	-382.6454	-705.6497	323.0042	1.333751	1.067156	0.879907	0.120093	2.754401
9120	-399.8863	-723.9736	324.0873	1.448302	1.067156	0.756595	0.243405	1.994098
9126	-403.3942	-727.2136	323.8194	1.63807	1.067156	0.923071	0.076929	2.045969
9132	-395.8436	-721.0203	325.1766	1.679983	0.7346175	0.576125	0.423875	1.301128
9138	-404.1444	-728.1265	323.9822	1.877292	2.777794	0.827579	0.172421	0.8796464
9144	-388.4355	-712.3103	323.8748	1.959269	2.777794	0.982599	0.0174012	0.9084862
9150	-400.8877	-726.28	325.3922	1.973542	0.7365432	0.880979	0.119021	0.8056692
9156	-397.2027	-721.3537	324.151	1.933748	2.084157	0.769326	0.230674	1.012493
9162	-388.6862	-713.009	324.3228	1.968327	2.084157	0.773088	0.226912	0.7768855
9168	-390.1194	-715.4725	325.3531	2.168346	0.6321867	0.746569	0.253431	0.7820709
9174	-408.6119	-733.7162	325.1043	1.599763	0.6472919	0.815475	0.184525	1.50885
9180	-392.2633	-716.8009	324.5377	1.772596	1.72412	0.83471	0.16529	1.007015
9186	-396.4836	-721.7068	325.2231	1.831009	0.6336643	0.905658	0.094342	1.248603
9192	-398.4649	-722.1466	323.6816	2.13646	2.764515	0.859299	0.140701	0.9325255
9198	-390.8984	-715.1557	324.2574	1.555117	1.167313	0.693014	0.306986	1.741979
9204	-396.7063	-720.4059	323.6995	1.520768	1.346382	0.728383	0.271617	2.042161
9210	-384.1683	-708.0487	323.8804	1.765078	1.71862	0.782202	0.217798	1.560133
9216	-386.4936	-710.3647	323.8712	1.765078	1.71862	0.896709	0.103291	1.566898
9222	-386.7556	-711.6993	324.9437	1.765078	0.8393082	0.743165	0.256835	1.319425
9228	-391.5758	-716.148	324.5721	1.937004	0.8736797	0.71559	0.28441	1.445651
9234	-391.0612	-716.0667	325.0055	1.731607	0.7412724	0.953159	0.0468412	1.389599
9240	-391.0337	-715.513	324.4793	1.59371	1.303554	0.950736	0.0492644	1.468085
9246	-403.1138	-727.6718	324.5579	1.698934	0.6779122	0.775549	0.224451	1.799905
9252	-408.6999	-733.4208	324.7209	1.512564	0.8356557	0.832091	0.167909	1.679969
9258	-419.5438	-741.7027	322.159	1.166445	3.142536	0.815342	0.184658	2.612556
9264	-419.7024	-742.6397	322.9373	1.93079	1.939312	0.656454	0.343546	2.004677
9270	-428.1938	-750.5631	322.3693	1.771473	5.664052	0.706249	0.293751	1.540071
9276	-419.8937	-743.2903	323.3967	2.080695	3.836072	0.776423	0.223577	0.8362873
9282	-397.2082	-720.6499	323.4416	1.731611	2.135102	0.878116	0.121884	1.718408
9288	-402.4242	-725.7691	323.3449	1.97034	1.589887	0.930823	0.0691772	1.855839
9294	-400.1108	-724.8385	324.7277	1.97034	1.541961	0.941171	0.0588288	0.6779731
9300	-401.0991	-724.3706	323.2715	1.917579	2.775085	0.956074	0.0439256	1.473347
9306	-404.5391	-729.088	324.5488	1.944167	0.9755952	0.834692	0.165308	1.374375
9312	-418.5034	-744.2155	325.7121	1.974215	0.3305314	0.892916	0.107084	1.155667
9318	-415.0082	-739.7245	324.7163	2.035763	1.256822	0.648745	0.351255	0.9073486
9324	-413.2823	-737.9156	324.6333	1.828473	0.7543737	0.758578	0.241422	1.584897
9330	-409.5946	-733.7643	324.1697	1.846172	2.255482	0.866832	0.133168	0.9871419
9336	-408.5874	-733.1917	324.6043	1.837803	1.747976	0.841004	0.158996	0.846419
9342	-398.7628	-724.4916	325.7289	1.753722	0.5290803	0.866939	0.133061	1.002442
9348	-387.1068	-711.0957	323.9889	1.897891	2.036274	0.926888	0.0731119	1.217339
9354	-398.2543	-722.6416	324.3873	2.205799	1.692273	0.807682	0.192318	0.6794184
9360	-418.227	-741.6619	323.4349	1.859544	2.166366	0.765715	0.234285	1.619524
9366	-399.6241	-724.2731	324.649	1.581037	1.143252	0.879351	0.120649	1.453451
9372	-408.0007	-733.1411	325.1404	2.319919	0.7336274	0.890739	0.109261	0.6620391
9378	-414.095	-738.5726	324.4776	2.198972	1.637361	0.776943	0.223057	0.4474868
9384	-391.6836	-716.6159	324.9323	2.05492	1.206961	0.678362	0.321638	0.6232848
9390	-406.6406	-731.3838	324.7432	2.235383	1.247092	0.960622	0.0393779	0.4846606
9396	-409.2182	-733.3442	324.126	2.285408	2.069527	0.863269	0.136731	0.5236856
9402	-428.7298	-753.1304	324.4006	2.413592	1.448838	0.656095	0.343905	0.4575206
9408	-412.1291	-736.7313	324.6022	2.520952	1.055725	0.632275	0.367725	0.3905188
9414	-407.9199	-732.0011	324.0812	1.917575	2.515555	0.889447	0.110553	0.8607113
9420	-389.3694	-713.5969	324.2275	1.828876	2.205698	0.795173	0.204827	0.9730817
9426	-389.6095	-714.3202	324.7107	1.642694	1.664251	0.908964	0.0910357	1.003873
9432	-406.6831	-730.4916	323.8085	2.825318	1.604973	0.946755	0.0532449	0.3343923
9438	-393.6536	-718.9104	325.2567	2.481764	0.5175969	0.727635	0.272365	0.3336661
9444	-394.8351	-720.4217	325.5866	1.915889	0.4552034	0.739164	0.260836	1.10135
9450	-390.1036	-715.4854	325.3818	1.71378	0.3877957	0.627089	0.372911	1.532915
9456	-395.4818	-720.4918	325.01	1.831277	0.882131	0.79471	0.20529	1.168468
9462	-389.8377	-714.5148	324.6771	1.828044	1.365044	0.85059	0.14941	1.068468
9468	-393.9507	-718.2899	324.3392	1.648028	1.494392	0.864536	0.135464	1.420482
9474	-395.9669	-720.5475	324.5806	1.740297	1.364711	0.892632	0.107368	1.231831
9480	-414.8816	-738.5758	323.6943	2.051257	2.21807	0.874279	0.125721	1.250631
9486	-412.3145	-737.3603	325.0459	1.839476	0.9842825	0.664713	0.335287	1.029174
9492	-414.6874	-739.0444	324.357	1.932533	1.721331	0.881745	0.118255	1.029174
9498	-396.6362	-721.9124	325.2763	1.867608	0.5906395	0.830489	0.169511	1.225051
9504	-413.113	-738.129	325.016	1.867608	0.5906395	0.889243	0.110757	1.433866
9510	-403.7185	-729.1306	325.4121	1.972848	0.5806075	0.57885	0.42115	1.020687
9516	-409.3311	-732.9889	323.6578	2.082065	2.155022	0.720538	0.279462	1.283774
9522	-414.0926	-739.3859	325.2933	1.510804	0.7950883	0.906266	0.0937344	1.283774
9528	-394.8203	-718.9667	324.1464	1.404325	1.507538	0.701351	0.298649	1.733506
9534	-394.7254	-718.3355	323.6102	1.603959	1.507538	0.962353	0.0376472	1.964275
9540	-403.2623	-728.6751	325.4128	1.444332	0.5464905	0.600139	0.399861	1.50454
9546	-400.7119	-725.3143	324.6024	1.638119	1.658805	0.828948	0.171052	1.11438
9552	-402.5659	-724.1363	321.5704	1.851929	6.848061	0.891395	0.108605	1.853648
9558	-410.4961	-735.38	324.8839	1.763681	0.9212676	0.636034	0.363966	1.295977
9564	-398.7204	-722.5351	323.8147	1.524307	2.131978	0.736118	0.263882	1.601017
9570	-421.469	-745.1577	323.6887	1.384876	0.7396478	0.835169	0.164831	2.520018
9576	-412.5532	-736.648	324.0948	1.915312	1.532527	0.920365	0.0796348	1.381081
9582	-409.2259	-733.4813	324.2553	1.603562	1.59461	0.89561	0.10439	1.463649
9588	-398.176	-722.1762	324.0002	1.463518	1.59461	0.888944	0.111056	1.750809
9594	-410.0252	-733.1206	323.0954	1.499558	3.017971	0.872068	0.127932	1.824051
9600	-405.842	-729.8993	324.0573	1.742059	1.640997	0.821069	0.178931	1.484361
9606	-417.3805	-742.6697	325.2892	1.750646	0.3507828	0.832816	0.167184	1.628757
9612	-413.6297	-738.9154	325.2857	1.987441	0.780459	0.907184	0.0928157	0.8543976
9618	-413.248	-738.4681	325.2201	1.856498	0.9089941	0.808908	0.191092	0.9127546
9624	-393.969	-718.7819	324.8129	2.055524	1.190899	0.692685	0.307315	0.8373039
9630	-414.2382	-737.7958	323.5576	1.978844	3.809002	0.943259	0.056741	0.7705411
9636	-408.2011	-732.7042	324.503	1.832575	1.58924	0.925449	0.074551	1.071031
9642	-410.0601	-734.2108	324.1507	1.365034	1.506223	0.921196	0.0788045	1.75867
9648	-409.8617	-733.4612	323.5995	1.330818	3.003437	0.870516	0.129484	1.591161
9654	-391.6505	-716.2566	324.6061	1.415492	1.101074	0.813181	0.186819	1.636239
9660	-391.137	-714.8697	323.7327	1.547412	1.101074	0.700291	0.299709	2.141548
9666	-396.2563	-719.2654	323.0091	1.435104	2.326267	0.905321	0.0946789	2.141548
9672	-418.5201	-742.7443	324.2242	1.788579	1.342645	0.670202	0.329798	1.489736
9678	-426.7678	-751.7805	325.0127	1.779972	0.7967596	0.59736	0.40264	1.291516
9684	-393.9088	-717.0338	323.125	1.512504	2.971554	0.959646	0.0403537	1.808311
9690	-410.8187	-734.126	323.3073	2.222533	3.499813	0.711702	0.288298	0.9167664
9696	-401.3925	-722.9471	321.5546	2.14836	10.00458	0.916328	0.0836718	1.210607
9702	-393.6132	-717.0849	323.4717	1.870973	2.477875	0.620084	0.379916	1.463438
9708	-385.747	-709.4206	323.6735	1.539317	1.82143	0.965137	0.0348633	1.820365
9714	-414.7772	-737.2607	322.4835	1.732091	5.018531	0.941145	0.0588546	1.610963
9720	-414.5034	-740.1796	325.6762	1.903551	0.4958467	0.710449	0.289551	0.9584577
9726	-403.4825	-728.7971	325.3146	2.027447	0.8090628	0.691039	0.308961	0.7114359
9732	-393.105	-717.524	324.419	1.685242	1.67851	0.884666	0.115334	1.221964
9738	-402.4152	-726.6518	324.2365	1.785369	1.816828	0.820009	0.179991	1.215246
9744	-404.7761	-729.0567	324.2806	1.849143	1.932784	0.887467	0.112533	1.054645
9750	-405.0928	-729.6153	324.5225	1.819524	1.181094	0.838442	0.161558	1.339916
9756	-406.4515	-730.1442	323.6927	1.447471	2.173084	0.994338	0.00566189	1.726928
9762	-401.6629	-726.7393	325.0764	1.727282	0.7391214	0.721297	0.278703	1.339162
9768	-408.6611	-733.9555	325.2944	1.916105	0.5286277	0.872308	0.127692	1.24871
9774	-403.3978	-728.6102	325.2123	1.889697	0.6259828	0.93038	0.0696202	1.217413
9780	-411.8746	-737.0255	325.1509	1.813678	0.796937	0.856768	0.143232	1.145405
9786	-427.0696	-751.6125	324.5429	2.119936	1.489144	0.804531	0.195469	0.7934945
9792	-409.0826	-734.7604	325.6778	2.223827	0.4031413	0.955993	0.0440065	0.7719744
9798	-415.4629	-740.825	325.3621	2.204773	0.6477799	0.967932	0.032068	0.6747581
9804	-402.3715	-726.6292	324.2577	1.599636	1.106851	0.690086	0.309914	1.749025
9810	-400.6977	-723.8413	323.1436	1.90274	4.112983	0.81486	0.18514	1.174928
9816	-393.2605	-718.2258	324.9653	1.893476	0.5709694	0.876933	0.123067	1.475086
9822	-402.5582	-727.3536	324.7954	1.871516	1.172355	0.850397	0.149603	1.067856
9828	-404.218	-728.9856	324.7677	2.008934	1.172355	0.923827	0.0761731	0.9594929
9834	-403.1476	-728.5775	325.4299	2.294874	0.4248659	0.533628	0.466372	0.9366151
9840	-409.4085	-734.7353	325.3268	2.350761	0.535766	0.58986	0.41014	0.763681
9846	-396.3827	-721.7133	325.3306	2.201015	0.6339535	0.855104	0.144896	0.7641028
9852	-411.5502	-736.4576	324.9074	1.575202	0.7965216	0.83998	0.16002	1.532067
9858	-408.2816	-733.1227	324.841	1.800483	1.129459	0.646544	0.353456	1.126594
9864	-399.9606	-724.8299	324.8693	2.078871	0.3842633	0.79499	0.20501	1.645558
9870	-400.4256	-725.59	325.1643	1.668383	0.9574706	0.978972	0.0210279	1.104537
9876	-408.9537	-734.3301	325.3764	1.528069	0.6067927	0.517173	0.482827	1.399595
9882	-412.7157	-737.0439	324.3282	1.91878	1.415136	0.873368	0.126632	1.260795
9888	-412.4404	-737.5788	325.1384	1.862518	0.9680578	0.857444	0.142556	0.9278096
9894	-399.7999	-724.3235	324.5236	1.607593	1.416887	0.926881	0.0731194	1.353436
9900	-391.3018	-716.6859	325.3842	1.799427	0.5020638	0.810039	0.189961	1.306143
9906	-407.2498	-733.1858	325.936	1.858346	0.3389397	0.692322	0.307678	1.039562
9912	-401.8572	-726.9284	325.0712	1.908258	0.808479	0.943033	0.0569674	1.119956
9918	-413.3782	-738.6172	325.2389	1.784558	0.8261867	0.894333	0.105667	1.060235
9924	-406.6728	-730.4981	323.8253	1.600677	1.450242	0.826057	0.173943	1.849509
9930	-406.11	-728.852	322.742	1.564618	4.368711	0.874972	0.125028	1.683597
9936	-416.3056	-740.5413	324.2357	1.64856	1.179605	0.728715	0.271285	1.683597
9942	-397.1546	-721.2712	324.1166	1.446517	1.98947	0.910744	0.0892556	1.495851
9948	-398.2859	-720.2534	321.9676	1.366829	2.223081	0.679615	0.320385	2.870218
9954	-393.6607	-718.2882	324.6275	1.543062	1.121432	0.433745	0.566255	1.513257
9960	-397.1597	-720.1977	323.038	1.378116	1.679616	0.771435	0.228565	2.403967
9966	-420.9944	-743.8572	322.8628	1.519943	2.57234	0.930315	0.0696847	2.101247
9972	-402.4291	-726.667	324.2379	1.678519	1.327114	0.607417	0.392583	1.570549
9978	-400.5554	-725.3369	324.7814	1.482678	1.312554	0.678428	0.321572	1.313091
9984	-393.2825	-716.4089	323.1265	1.748494	5.213837	0.981892	0.0181084	1.031495
9990	-388.4541	-712.2956	323.8414	1.826661	3.139145	0.791052	0.208948	0.9201197
9996	-386.0092	-710.6977	324.6886	1.708184	0.8968202	0.585923	0.414077	1.511402
10002	-382.7488	-707.0936	324.3447	1.519566	0.8106805	0.838795	0.161205	1.95472
10008	-394.1515	-718.5274	324.3759	1.582224	1.969734	0.949444	0.0505556	1.189693
10014	-417.338	-742.9216	325.5836	1.582224	0.6570356	0.788696	0.211304	1.12412
10020	-415.1098	-737.8982	322.7884	1.74428	4.366475	0.668108	0.331892	1.519686
10026	-421.5617	-745.9544	324.3927	1.730261	1.607486	0.890476	0.109524	1.247005
10032	-414.5256	-739.5664	325.0408	1.87877	0.4582734	0.838341	0.161659	1.566174
10038	-415.4371	-740.8138	325.3767	1.926188	0.5636498	0.68381	0.31619	1.121607
10044	-396.3344	-721.2178	324.8834	1.926188	0.9616376	0.908751	0.0912491	1.121607
10050	-408.4214	-733.1482	324.7268	2.441548	0.9616376	0.732618	0.267382	0.7219168
10056	-402.9215	-726.0123	323.0908	2.206197	4.843569	0.939839	0.0601612	0.607374
10062	-395.5499	-720.8468	325.2969	2.512529	0.5073689	0.621868	0.378132	0.4122783
10068	-420.0107	-745.0823	325.0715	2.361013	0.7815815	0.873183	0.126817	0.5824161
10074	-407.4177	-731.7752	324.3575	2.320868	1.643124	0.906293	0.0937073	0.4906461
10080	-406.8002	-731.7293	324.9291	2.362022	0.9173041	0.917763	0.0822367	0.5106294
10086	-409.9737	-735.0894	325.1158	2.178005	0.7930571	0.823579	0.176421	0.8096708
10092	-399.55	-723.5144	323.9644	2.122414	2.344794	0.819912	0.180088	0.8582086
10098	-405.0187	-730.5697	325.551	1.885459	0.4709294	0.70293	0.29707	1.136265
10104	-403.9862	-729.412	325.4258	1.946656	0.4894836	0.959931	0.0400691	1.165002
10110	-404.5738	-729.7153	325.1414	1.753816	0.8089459	0.780117	0.219883	1.19364
10116	-403.9658	-728.2994	324.3336	1.610711	1.177269	0.831051	0.168949	1.64212
10122	-413.2393	-736.1602	322.9209	1.526306	2.084696	0.886744	0.113256	2.224735
10128	-402.9399	-727.2077	324.2679	1.854966	1.428421	0.812348	0.187652	1.353092
10134	-409.4649	-734.3847	324.9198	1.878871	0.7000219	0.820811	0.179189	1.382551
10140	-395.848	-720.7112	324.8632	1.742701	0.8600199	0.912441	0.0875594	1.382551
10146	-389.7732	-714.2832	324.51	1.813865	1.075311	0.689306	0.310694	1.429719
10152	-388.3766	-712.7251	324.3485	1.599776	2.032174	0.99035	0.00965019	1.166372
10158	-400.9801	-724.7089	323.7288	1.927498	2.588065	0.931022	0.0689775	1.166372
10164	-407.6523	-733.8156	326.1632	2.000637	0.202351	0.61587	0.38413	1.013792
10170	-394.3082	-720.0114	325.7033	2.265915	0.383791	0.757578	0.242422	0.7271618
10176	-394.7786	-719.9683	325.1897	2.192721	0.8322715	0.883605	0.116395	0.5392952
10182	-393.2526	-718.2538	325.0012	2.376139	0.8322715	0.818986	0.181014	0.5658163
10188	-403.3893	-728.7227	325.3334	2.653073	0.3952679	0.871286	0.128714	0.3716133
10194	-396.2416	-720.9619	324.7203	2.44456	0.9896343	0.751256	0.248744	0.3562057
10200	-398.6452	-721.9532	323.3079	1.798399	3.517553	0.760181	0.239819	1.299683
10206	-386.8549	-712.6059	325.751	1.798399	0.365665	0.861779	0.138221	1.209836
10212	-389.932	-715.9267	325.9947	1.916814	0.4142029	0.855035	0.144965	0.7255018
10218	-398.4416	-723.1512	324.7096	1.935893	1.400079	0.754666	0.245334	0.8972902
10224	-392.6518	-718.7706	326.1188	2.106922	0.2968531	0.895637	0.104363	0.5754573
10230	-397.4408	-722.4085	324.9676	2.11421	1.111462	0.928713	0.0712868	0.5980543
10236	-398.8236	-723.6999	324.8763	1.922713	1.047287	0.978796	0.0212039	1.052321
10242	-410.6751	-734.127	323.4519	1.894095	3.843313	0.801008	0.198992	0.9800289
10248	-407.8554	-731.4573	323.6019	1.971221	3.085416	0.81563	0.18437	1.039818
10254	-394.6154	-719.1698	324.5544	2.170662	1.388878	0.779339	0.220661	0.8118038
10260	-393.6383	-718.5322	324.8939	2.170662	1.113246	0.796918	0.203082	0.6388307
10266	-393.0552	-718.1629	325.1077	2.336125	0.7805634	0.86269	0.13731	0.5341221
10272	-408.6863	-733.8882	325.2019	2.18285	0.8308274	0.838358	0.161642	0.5341221
10278	-399.3703	-722.9088	323.5385	2.252436	3.410414	0.791696	0.208304	0.5044838
10284	-407.0161	-731.399	324.3829	1.338847	0.7704557	0.727925	0.272075	2.081329
10290	-414.1171	-738.3615	324.2444	1.998311	2.233772	0.997144	0.00285632	0.7256293
10296	-386.3152	-710.409	324.0938	1.848119	1.905223	0.756673	0.243327	1.236457
10302	-418.5846	-741.7352	323.1506	1.046417	1.818368	0.965229	0.0347709	2.484847
10308	-403.5984	-727.5513	323.9529	1.314039	0.9505591	0.733816	0.266184	2.245831
10314	-402.222	-725.8636	323.6416	1.560715	1.690139	0.928911	0.071089	1.886025
10320	-401.7973	-726.0527	324.2554	1.555026	1.231071	0.782252	0.217748	1.704273
10326	-408.8703	-732.4353	323.565	1.42366	1.55938	0.800105	0.199895	2.089116
10332	-402.8515	-725.5627	322.7112	1.405843	3.676181	0.806959	0.193041	1.974279
10338	-410.2716	-733.6565	323.3849	1.870775	2.793399	0.78649	0.21351	1.416097
10344	-405.2253	-728.9467	323.7214	1.659723	2.525518	0.853773	0.146227	1.416097
10350	-412.0055	-735.4594	323.4539	1.659723	2.707613	0.960841	0.0391591	1.552693
10356	-404.196	-727.8342	323.6381	1.670737	4.593492	0.96761	0.0323899	0.7305014
10362	-389.1797	-713.2564	324.0767	1.867198	2.236915	0.783161	0.216839	1.066958
10368	-398.8705	-720.8741	322.0036	2.055087	10.06881	0.817738	0.182262	0.8521919
10374	-402.6815	-726.5977	323.9162	1.844559	3.058108	0.932696	0.0673045	0.8521919
10380	-403.6333	-728.4209	324.7876	2.252194	1.16835	0.875509	0.124491	0.5638685
10386	-411.6458	-735.7686	324.1229	1.992328	2.61829	0.631561	0.368439	0.5830004
10392	-397.1607	-721.5389	324.3782	1.992328	2.034644	0.806906	0.193094	0.6974027
10398	-395.7346	-719.7163	323.9817	1.882202	2.49674	0.996513	0.00348688	1.01544
10404	-399.581	-724.7164	325.1354	1.766546	1.006128	0.930796	0.0692042	0.9910044
10410	-391.3731	-716.1105	324.7373	2.211089	1.24091	0.759275	0.240725	0.6461388
10416	-386.8964	-711.012	324.1155	1.774191	1.893703	0.700904	0.299096	1.285535
10422	-398.9503	-724.1591	325.2088	1.731572	0.7762003	0.963777	0.0362231	1.188248
10428	-406.2587	-730.1162	323.8575	1.426591	1.074414	0.559574	0.440426	2.15525
10434	-397.206	-720.288	323.082	1.719337	3.109327	0.914502	0.0854982	1.65236
10440	-409.4676	-733.5497	324.0822	1.733468	1.792166	0.964492	0.0355077	1.395297
10446	-406.2357	-729.4768	323.2411	1.819145	2.833795	0.761164	0.238836	1.549895
10452	-398.7425	-723.0406	324.2982	1.816157	2.084883	0.876033	0.123967	0.9824417
10458	-390.0795	-714.6129	324.5334	1.310991	0.6859816	0.859818	0.140182	2.070923
10464	-402.3026	-727.3255	325.0229	1.688647	0.8998712	0.735456	0.264544	1.262317
10470	-400.281	-724.414	324.1329	1.620242	1.404864	0.955192	0.044808	1.644478
10476	-384.052	-709.0455	324.9935	1.923567	0.5039025	0.800433	0.199567	1.510623
10482	-402.2642	-726.0337	323.7695	1.496692	2.457614	0.836039	0.163961	1.528462
10488	-393.2912	-718.1238	324.8326	1.820628	1.013713	0.572036	0.427964	1.21245
10494	-392.0403	-716.3115	324.2712	2.100866	1.490049	0.579952	0.420048	1.103381
10500	-382.8907	-707.9558	325.0651	2.112549	0.9135125	0.682637	0.317363	0.7833056
10506	-392.7951	-719.5428	326.7477	1.743698	0.1568457	0.847149	0.152851	0.8106691
10512	-389.421	-714.8931	325.4721	2.01378	0.4656861	0.904036	0.095964	1.099772
10518	-391.3596	-716.4493	325.0896	1.855328	0.8579287	0.840626	0.159374	1.099772
10524	-399.7058	-724.4801	324.7743	1.958155	0.8514184	0.689221	0.310779	1.289149
10530	-402.0973	-725.9951	323.8978	2.145619	1.697926	0.524913	0.475087	1.261989
10536	-406.1988	-730.4875	324.2887	1.995855	1.714216	0.908325	0.0916754	1.038588
10542	-414.9728	-739.4934	324.5206	1.863411	1.226342	0.527854	0.472146	1.274023
10548	-401.6407	-725.5513	323.9105	1.710065	2.075271	0.822435	0.177565	1.41415
10554	-406.1493	-729.7074	323.5581	1.842962	3.304196	0.793425	0.206575	1.117889
10560	-403.7998	-728.9145	325.1146	2.075205	0.8194556	0.896926	0.103074	0.8978281
10566	-404.3875	-729.5015	325.114	2.075205	0.7603744	0.868396	0.131604	0.9741401
10572	-405.9491	-729.7782	323.8292	2.267911	2.566417	0.860846	0.139154	0.6852876
10578	-400.216	-725.0135	324.7976	2.376442	0.9889385	0.817977	0.182023	0.6613986
10584	-399.203	-724.3013	325.0983	1.974876	0.9272245	0.781388	0.218612	0.8948267
10590	-399.6595	-724.9738	325.3144	2.22125	0.7009024	0.811608	0.188392	0.5737719
10596	-423.6626	-749.048	325.3854	2.22125	0.64768	0.984047	0.0159534	0.5743749
10602	-393.7412	-719.1866	325.4454	2.22125	0.6086906	0.763838	0.236162	0.5516201
10608	-402.2982	-727.1639	324.8657	2.3324	1.002827	0.933047	0.0669535	0.5516201
10614	-407.6141	-732.9542	325.3401	2.282242	0.6210104	0.904374	0.095626	0.6366243
10620	-413.1148	-737.64	324.5252	1.886394	1.609053	0.991959	0.0080415	0.9834279
10626	-405.7007	-730.5361	324.8354	1.647991	1.557761	0.63444	0.36556	0.9464396
10632	-403.1622	-728.3676	325.2053	1.548251	0.5409201	0.805343	0.194657	1.587478
10638	-398.549	-722.6777	324.1287	1.520773	0.9713442	0.71803	0.28197	1.981134
10644	-405.2677	-730.0578	324.79	1.861076	0.8820416	0.787609	0.212391	1.327386
10650	-398.7346	-723.8265	325.0918	1.730543	0.8160221	0.976293	0.0237075	1.248346
10656	-401.8509	-727.1119	325.2609	1.869588	0.7849972	0.88175	0.11825	1.003344
10662	-395.5605	-720.5326	324.9721	1.764513	0.8441413	0.772032	0.227968	1.292423
10668	-388.6301	-713.9014	325.2713	1.80586	0.8081101	0.514342	0.485658	1.028927
10674	-390.6402	-715.2967	324.6565	2.036322	1.189092	0.90395	0.0960502	1.028927
10680	-393.0718	-718.7273	325.6555	1.820495	0.4268839	0.63507	0.36493	1.170693
10686	-402.625	-727.3329	324.7079	1.857345	1.158754	0.923743	0.0762574	1.170693
10692	-385.4219	-710.4522	325.0303	1.826175	0.8000617	0.736343	0.263657	1.235473
10698	-390.0279	-715.061	325.0331	1.826175	1.030157	0.825579	0.174421	1.009917
10704	-397.0625	-720.7561	323.6936	1.832628	2.96021	0.996062	0.00393753	1.132327
10710	-396.2791	-720.1982	323.9191	1.653015	1.958632	0.96199	0.0380099	1.502791
10716	-400.3764	-724.9468	324.5704	1.968724	1.65876	0.850428	0.149572	0.7983713
10722	-407.5695	-731.7877	324.2182	2.168366	1.799076	0.901167	0.0988329	0.873423
10728	-396.0529	-720.3826	324.3297	1.84462	1.714331	0.656438	0.343562	1.140442
10734	-397.4748	-723.9001	326.4253	1.993269	0.1384201	0.857164	0.142836	0.968719
10740	-403.4092	-728.1169	324.7077	1.397173	1.443004	0.833843	0.166157	1.35858
10746	-420.5634	-745.2436	324.6803	1.576148	1.253074	0.964463	0.035537	1.35858
10752	-400.0989	-724.1877	324.0889	1.750942	2.086724	0.813817	0.186183	1.23259
10758	-381.3861	-705.4484	324.0622	1.793095	1.887773	0.930419	0.0695815	1.316418
10764	-393.9021	-718.6771	324.7751	1.873798	1.043403	0.70329	0.29671	1.191276
10770	-393.8624	-718.9116	325.0492	1.785176	1.043403	0.87645	0.12355	1.021775
10776	-394.5558	-718.9165	324.3606	1.817452	1.654713	0.688138	0.311862	1.172352
10782	-390.1691	-714.8845	324.7154	1.759519	1.426265	0.902461	0.0975385	1.052073
10788	-396.8939	-721.5504	324.6565	2.142754	1.171503	0.669734	0.330266	0.9362705
10794	-393.6503	-718.0029	324.3526	2.017485	2.011401	0.849231	0.150769	0.7211044
10800	-392.7249	-717.6055	324.8807	1.97902	1.322911	0.739438	0.260562	0.6877211
10806	-407.0867	-730.5063	323.4197	2.392127	3.300085	0.920381	0.0796185	0.4023167
10812	-409.3698	-733.1346	323.7648	2.367351	2.591781	0.94732	0.0526796	0.4391412
10818	-412.1518	-736.268	324.1162	2.53114	1.657567	0.934067	0.065933	0.4036784
10824	-410.4768	-734.7291	324.2522	2.233471	1.944075	0.754162	0.245838	0.4888179
10830	-410.3446	-736.4173	326.0728	2.217693	0.2696942	0.648511	0.351489	0.5788992
10836	-411.9947	-735.8396	323.8449	2.172491	2.774119	0.788153	0.211847	0.6510791
10842	-406.6199	-731.8333	325.2134	2.172491	0.805623	0.904815	0.0951847	0.6335335
10848	-409.2656	-733.9398	324.6742	2.232343	1.305581	0.666973	0.333027	0.6172924
10854	-410.1901	-734.7087	324.5186	2.010531	1.385552	0.744684	0.255316	1.030142
10860	-409.3363	-734.4992	325.1629	2.010531	0.785719	0.652267	0.347733	0.9586889
10866	-419.3473	-744.1037	324.7564	2.109301	1.274795	0.905999	0.0940015	0.7433362
10872	-397.5933	-721.2775	323.6843	2.394967	2.702926	0.919671	0.0803288	0.569365
10878	-392.7894	-716.4623	323.6729	2.152934	3.319735	0.736566	0.263434	0.4878751
10884	-407.895	-731.9091	324.0141	1.527409	1.835055	0.891283	0.108717	1.581363
10890	-399.9609	-725.1	325.1392	2.091138	0.9177648	0.69874	0.30126	0.6947025
10896	-387.0007	-711.5944	324.5937	2.091138	1.43721	0.661327	0.338673	0.8157227
10902	-399.9708	-724.1317	324.1609	1.884802	1.618569	0.809333	0.190667	1.304238
10908	-403.2587	-727.0458	323.7871	1.695321	1.618569	0.699979	0.300021	1.725969
10914	-386.8952	-711.1763	324.2811	1.76117	1.757426	0.805659	0.194341	1.230186
10920	-391.7161	-716.6698	324.9537	1.777917	0.9170254	0.946383	0.0536168	1.230186
10926	-396.0951	-720.4792	324.3841	1.386477	0.959932	0.866519	0.133481	1.907505
10932	-390.4907	-714.996	324.5053	1.362177	1.1921	0.923318	0.0766822	1.687723
10938	-401.0367	-724.1944	323.1577	1.94624	2.805775	0.632622	0.367378	1.526832
10944	-409.8179	-734.5255	324.7076	1.92483	1.27804	0.87794	0.12206	1.013727
10950	-413.8924	-738.0491	324.1566	1.893024	2.409392	0.892251	0.107749	0.8630713
10956	-424.5026	-748.8385	324.3358	2.153262	1.656582	0.823873	0.176127	0.8630713
10962	-391.6864	-716.2247	324.5383	2.070288	1.614	0.825145	0.174855	0.7431559
10968	-387.9308	-712.7723	324.8415	1.944968	1.140316	0.602604	0.397396	0.978959
10974	-388.4683	-712.9538	324.4855	1.945979	1.140316	0.705982	0.294018	1.297201
10980	-407.4468	-732.86	325.4133	1.956531	0.667916	0.696383	0.303617	0.9080449
10986	-401.1835	-725.7945	324.611	1.951197	1.179418	0.625157	0.374843	1.157261
10992	-384.9673	-709.6179	324.6506	1.824158	1.281752	0.876733	0.123267	1.157261
10998	-391.76	-716.3621	324.6021	1.717116	1.281752	0.906082	0.093918	1.28888
11004	-401.8263	-725.4352	323.609	2.061376	3.563143	0.969858	0.0301423	0.6993181
11010	-394.7008	-719.4034	324.7026	2.331332	1.151876	0.875256	0.124744	0.6281048
11016	-396.0424	-721.3118	325.2694	2.192716	0.6617952	0.863986	0.136014	0.8070669
11022	-393.4516	-718.6543	325.2027	1.698589	0.6249058	0.917494	0.0825063	1.381885
11028	-394.4105	-720.1391	325.7286	1.745351	0.2668524	0.799497	0.200503	1.449684
11034	-418.3085	-743.9779	325.6694	1.975786	0.5913718	0.810685	0.189315	0.6782451
11040	-419.4452	-743.8518	324.4066	2.305144	1.540328	0.89871	0.10129	0.6527361
11046	-422.7578	-748.0739	325.316	2.472566	0.5236321	0.883765	0.116235	0.5816251
11052	-419.5299	-743.3102	323.7803	2.211108	2.870909	0.900214	0.0997857	0.4045606
11058	-395.3585	-719.5223	324.1637	2.136962	2.006603	0.850308	0.149692	0.8236848
11064	-408.7897	-733.2028	324.4132	1.658053	1.118369	0.980271	0.0197292	1.588682
11070	-390.3394	-713.9602	323.6207	1.838552	0.8059264	0.925899	0.0741006	2.224707
11076	-384.6737	-708.102	323.4283	1.567106	1.795495	0.927038	0.0729619	1.979142
11082	-383.4	-707.8388	324.4389	1.851292	0.6813005	0.869222	0.130778	1.773656
11088	-404.9365	-729.5259	324.5894	2.093815	1.304843	0.899386	0.100614	0.939035
11094	-402.1293	-726.8408	324.7116	2.093815	0.6300009	0.720221	0.279779	1.450491
11100	-389.1668	-715.3633	326.1964	2.183608	0.133754	0.688884	0.311116	1.024615
11106	-392.0278	-716.3841	324.3563	1.781652	1.614748	0.678244	0.321756	1.230232
11112	-398.9208	-722.5895	323.6687	1.795448	2.08272	0.884628	0.115372	1.529444
11118	-406.2501	-729.1112	322.861	1.615884	3.514064	0.955485	0.0445153	1.769288
11124	-405.0942	-728.9525	323.8583	1.585283	1.400224	0.728377	0.271623	1.863605
11130	-407.0024	-730.8	323.7976	1.691895	2.289068	0.799465	0.200535	1.424919
11136	-399.8251	-723.7301	323.9051	1.568159	2.289068	0.929533	0.0704672	1.437442
11142	-394.8738	-720.1833	325.3095	1.658989	0.6787207	0.696067	0.303933	1.268687
11148	-394.3996	-719.0139	324.6142	1.674226	1.013088	0.834371	0.165629	1.50232
11154	-395.2113	-719.4485	324.2372	1.6616	1.613351	0.754544	0.245456	1.423149
11160	-407.856	-732.584	324.728	1.627171	1.06624	0.828364	0.171636	1.412241
11166	-397.3229	-721.2249	323.902	1.629992	1.330448	0.730388	0.269612	1.840781
11172	-406.3754	-730.517	324.1416	1.83916	1.014882	0.833986	0.166014	1.724143
11178	-416.8822	-741.1781	324.2959	1.551307	0.9475614	0.861067	0.138933	1.864097
11184	-427.566	-751.6938	324.1278	1.871246	1.516544	0.810619	0.189381	1.39875
11190	-395.1271	-719.5452	324.418	1.655356	1.362943	0.570829	0.429171	1.431347
11196	-395.646	-719.8799	324.2339	1.613499	1.212301	0.906828	0.0931718	1.689456
11202	-398.4278	-722.1512	323.7233	1.50238	1.43684	0.755395	0.244605	1.991778
11208	-413.3601	-735.2034	321.8433	1.484072	6.807309	0.627397	0.372603	1.924195
11214	-407.6528	-732.9287	325.2759	1.692228	0.6881476	0.959988	0.0400121	1.258648
11220	-415.4692	-739.0473	323.5781	1.573648	2.302161	0.643629	0.356371	1.669595
11226	-414.4907	-738.0574	323.5667	1.880049	2.837193	0.732228	0.267772	1.247271
11232	-414.1896	-737.8757	323.686	1.681315	1.928585	0.762108	0.237892	1.665634
11238	-407.3487	-732.2107	324.862	1.891993	1.183336	0.952133	0.0478675	0.9728292
11244	-417.5005	-743.0435	325.5431	2.149096	0.535576	0.879751	0.120249	0.7423527
11250	-401.0108	-726.3534	325.3426	1.808099	0.7165347	0.861479	0.138521	1.06573
11256	-392.2521	-716.6662	324.414	1.714826	1.861372	0.826627	0.173373	1.096309
11262	-397.2496	-721.7541	324.5045	2.018285	0.8596883	0.903378	0.0966221	1.447141
11268	-402.2739	-726.16	323.8861	1.879037	1.787033	0.581276	0.418724	1.436853
11274	-392.9766	-717.8286	324.8519	2.209772	0.9532316	0.767567	0.232433	0.8767121
11280	-408.5442	-733.5214	324.9772	2.082306	0.9784344	0.842011	0.157989	0.8485655
11286	-411.5735	-736.7558	325.1823	2.082306	0.6720055	0.659122	0.340878	1.012214
11292	-407.5947	-731.3624	323.7676	1.950342	1.56944	0.86311	0.13689	1.581797
11298	-405.6059	-731.2049	325.599	2.111607	0.343492	0.748853	0.251147	1.108805
11304	-414.801	-740.0888	325.2878	1.895758	0.343492	0.758974	0.241026	1.534959
11310	-404.0577	-728.5696	324.5119	1.577163	0.5612396	0.948367	0.0516327	2.026024
11316	-409.0261	-733.2957	324.2696	1.456744	0.9035358	0.902053	0.0979466	1.977354
11322	-395.9524	-720.8884	324.936	1.987189	0.8652925	0.770777	0.229223	1.112094
11328	-403.8695	-729.1109	325.2414	1.836112	0.8080315	0.92739	0.0726103	1.02867
11334	-414.4211	-737.9588	323.5377	1.881899	3.61724	0.893947	0.106053	0.9871068
11340	-398.9986	-723.0505	324.0519	1.793318	2.519707	0.787848	0.212152	1.022725
